years,wealth_mult_p10,wealth_mult_p50,wealth_mult_p90
0.0,0.995,0.995,0.995
0.019230769230769232,0.9761286658401538,0.996084823289543,1.013701284868258
0.038461538461538464,0.9628572806727247,0.9964928355670661,1.0301456908254196
0.057692307692307696,0.9493765070000112,0.9969720959321432,1.0391860002973046
0.07692307692307693,0.9481776280734421,0.9956750526969221,1.0446689895101744
0.09615384615384616,0.9422160790530836,0.9975687639062991,1.0511952241900837
0.11538461538461539,0.939401567879616,0.9983365875554744,1.0559799431310177
0.1346153846153846,0.9285158636473421,0.9992810868345894,1.063315269068993
0.15384615384615385,0.9208835427519821,1.0048898408178568,1.064699693261427
0.17307692307692307,0.9090064871994531,1.0065391353069721,1.0688795721114044
0.19230769230769232,0.9057609669391686,1.0079979886501713,1.0745402456556516
0.21153846153846154,0.898902092203497,1.0073394859489642,1.0757124217854546
0.23076923076923078,0.8959216212327938,1.0064536613244008,1.0754226295203244
0.25,0.8874616088734419,1.0077155173884078,1.0783413917947646
0.2692307692307692,0.8831765907484623,1.0073234404992857,1.091834993828819
0.28846153846153844,0.8756998524891566,1.0088406440463356,1.088746241299526
0.3076923076923077,0.8612095070251096,1.0070519130989597,1.0951127019390052
0.3269230769230769,0.8585747478338193,1.0059425465627991,1.0952409842501811
0.34615384615384615,0.8453548004257566,1.0053367964046476,1.0977826704780627
0.36538461538461536,0.8419413676221027,1.0065765947193757,1.0970044514469726
0.38461538461538464,0.8365386112055856,1.0064516701851454,1.0968476985857747
0.40384615384615385,0.8156545395260822,1.0090695288288765,1.1014180087872123
0.4230769230769231,0.8111759947053422,1.007853964968267,1.1044801720806947
0.4423076923076923,0.805810546355896,1.0073457229476146,1.1090466945830608
0.46153846153846156,0.827285347473195,1.0076095273608645,1.115584786199569
0.4807692307692308,0.7994783129769093,1.0122862620812074,1.1165476491644195
0.5,0.7999710225118046,1.010398703336231,1.1181533910457095
0.5192307692307693,0.7957153444398573,1.0102678325811205,1.1087199533528438
0.5384615384615384,0.7894691589304318,1.0085006213107992,1.113165251912627
0.5576923076923077,0.7833858308672556,1.0095394457233542,1.120500240370111
0.5769230769230769,0.7881948630045277,1.0133036637521065,1.1195102877151915
0.5961538461538461,0.7738916945954135,1.0152927159312215,1.1196762576580168
0.6153846153846154,0.775433350283598,1.0126189357213398,1.1279708840557225
0.6346153846153846,0.764028793415533,1.0155529040765536,1.129079768862049
0.6538461538461539,0.7492216243820979,1.0158885409825562,1.1278981823161618
0.6730769230769231,0.7481402552210706,1.0122974908601254,1.134240041416198
0.6923076923076923,0.7425101166808457,1.0116429223107943,1.1488385957788845
0.7115384615384616,0.7480161864332605,1.012867270786812,1.138668106142482
0.7307692307692307,0.7376518176681135,1.0103518775575178,1.135058336939249
0.75,0.7340893955381508,1.0118251492369281,1.148103803104353
0.7692307692307693,0.7385708254611029,1.012068247267132,1.1547353622603653
0.7884615384615384,0.737636192763795,1.0091992575388518,1.158186850675226
0.8076923076923077,0.73480259209454,1.0119384178918014,1.1602693358350233
0.8269230769230769,0.7299317112713233,1.0102871436034446,1.1679446265032873
0.8461538461538461,0.7236288758092552,1.0100919050214836,1.157804840178412
0.8653846153846154,0.7225617597098023,1.0099896028614057,1.1520727705170695
0.8846153846153846,0.724293949823056,1.0071064347274323,1.156864779912135
0.9038461538461539,0.7187626688734855,1.0104808445454416,1.1631480757918278
0.9230769230769231,0.7180327815432076,1.009057347223092,1.1621959819348933
0.9423076923076923,0.7125004986229162,1.005546666223506,1.160799403944637
0.9615384615384616,0.7076525476019456,1.0045068117113045,1.1620908347500516
0.9807692307692307,0.7123871936020509,1.0044855994026363,1.1586219779648688
1.0,0.7037309825859474,1.0036361910688778,1.1621567980151648
1.0192307692307692,0.7081284372738814,1.0040524452823152,1.1588140461796408
1.0384615384615385,0.6974022409200437,1.0038550338947712,1.1606427330610427
1.0576923076923077,0.6951403624898341,1.0064344449956484,1.1671780780577001
1.0769230769230769,0.6979286405582821,1.00313158003383,1.1651920421212758
1.0961538461538463,0.6875580273105018,1.0038028308965543,1.1670621586336605
1.1153846153846154,0.6890258166833831,1.0022268434442574,1.169823945311553
1.1346153846153846,0.6891293734776212,1.0034938517187837,1.17149639889988
1.1538461538461537,0.6810686048650575,1.0057424666165757,1.1727316018566682
1.1730769230769231,0.6811437056554914,1.0078027224384605,1.1792879289463976
1.1923076923076923,0.6774507475799807,1.0058936142447306,1.1746188031701252
1.2115384615384615,0.677133210602891,1.0090005914262905,1.1750489429597442
1.2307692307692308,0.6740776409952268,1.0154765504679497,1.1732370897911657
1.25,0.6706191346922648,1.0159969614863316,1.177514689019376
1.2692307692307692,0.6670555882086507,1.0169436589194785,1.182929285931019
1.2884615384615385,0.6640646114256302,1.016662561719726,1.1855348401671657
1.3076923076923077,0.6640007055224181,1.0129294618512699,1.1927920839096926
1.3269230769230769,0.6663894462324361,1.0180494793320691,1.1848536239857503
1.3461538461538463,0.6656430803614731,1.022788163970514,1.179612026374036
1.3653846153846154,0.6567723009852166,1.0198876779707415,1.179919743017306
1.3846153846153846,0.6590814428882122,1.0195239465632233,1.1801618482993486
1.4038461538461537,0.6615388459977276,1.0229465477511752,1.1791547286063755
1.4230769230769231,0.6637925786498703,1.0302939008840446,1.176009720591121
1.4423076923076923,0.6653707647622894,1.0302308367423318,1.172597413493684
1.4615384615384615,0.6635168072507515,1.0290701447369734,1.1757040388051754
1.4807692307692308,0.6711496107776218,1.034733923054504,1.1787211768436332
1.5,0.6611554292545389,1.0345121978066443,1.1807811809154984
1.5192307692307692,0.6614602393144008,1.0324860800664892,1.1699709781580179
1.5384615384615385,0.6581004744103284,1.032803578237783,1.17144587820992
1.5576923076923077,0.6608426606232858,1.037451963825951,1.1738621006430607
1.5769230769230769,0.6715926651297007,1.0390127707877952,1.1768638950383623
1.5961538461538463,0.6742266851828684,1.0319177376839,1.1782316500453198
1.6153846153846154,0.6632931682574232,1.0297641476300732,1.179379351949891
1.6346153846153846,0.6480128038653166,1.0346949982818323,1.1825262033966082
1.6538461538461537,0.6509176653311309,1.03381087432207,1.1842454835726621
1.6730769230769231,0.6455336481777194,1.0396668327185936,1.1854894059036605
1.6923076923076923,0.6435323238463481,1.0447609402572615,1.1955147238562618
1.7115384615384615,0.6326172254246123,1.038043477576256,1.1947870907986529
1.7307692307692308,0.6398088561624556,1.0399963340608624,1.1991811070507485
1.75,0.6364173770231971,1.0490890069914527,1.1962183099946369
1.7692307692307692,0.6415733319538507,1.0519883478622503,1.2081452592934163
1.7884615384615385,0.6500533517013091,1.0488737458465476,1.204106488800715
1.8076923076923077,0.6399604291127731,1.0482516589304482,1.2013128994615176
1.8269230769230769,0.6485124447775902,1.051727921095043,1.200861605208615
1.8461538461538463,0.649849383985988,1.0519534585193835,1.2133584352852063
1.8653846153846154,0.6467539088463025,1.05478221447017,1.220709719400203
1.8846153846153846,0.6377478003137809,1.057587342170272,1.214752269620404
1.9038461538461537,0.6362225405519444,1.056358977288823,1.2174035487355406
1.9230769230769231,0.6417842281952356,1.0623083780352487,1.2111312870360254
1.9423076923076923,0.6337667192127453,1.063916411032977,1.2070196410020497
1.9615384615384615,0.630173755142835,1.0659771486460734,1.2088708772873544
1.9807692307692308,0.6270825011151628,1.0712571990022148,1.2128229275953186
2.0,0.6287858142315441,1.0649310232600182,1.2094952037665119
2.019230769230769,0.6306660129573904,1.0657024421522356,1.2058157344029217
2.0384615384615383,0.6300731929154407,1.0666253770673633,1.2127448891869506
2.0576923076923075,0.6258468462774825,1.0685356417583498,1.2070675983473265
2.076923076923077,0.6254042342193177,1.0716959933782477,1.207070928692226
2.0961538461538463,0.6349334835843278,1.073130369420527,1.2098264739162317
2.1153846153846154,0.6300529016056803,1.074963959807314,1.2170665320084288
2.1346153846153846,0.6344766277709311,1.0694751270917355,1.2174562363332715
2.1538461538461537,0.6275208443352555,1.0703100953061897,1.2140239463793951
2.173076923076923,0.6163671088033861,1.0761506169128778,1.2144199512204865
2.1923076923076925,0.6301410585945865,1.081522131922484,1.2114763750933562
2.2115384615384617,0.6312146964580148,1.0827359214232513,1.2114134872454567
2.230769230769231,0.6335132043228148,1.0779606497975194,1.2147832044216298
2.25,0.6205946691875363,1.0843778239519546,1.2146648771652804
2.269230769230769,0.6151341022626464,1.0784111601065671,1.2188140196164061
2.2884615384615383,0.6248372548714014,1.0862039264980523,1.2208292314124924
2.3076923076923075,0.6216497724663372,1.0915661870359783,1.2211625998424132
2.326923076923077,0.6230386445457633,1.092889637450935,1.222593296871498
2.3461538461538463,0.6158142839584546,1.0936548632413785,1.2126550482422251
2.3653846153846154,0.6225220980139858,1.0951265014283218,1.2150881561944389
2.3846153846153846,0.6169416436440596,1.0971586339764414,1.2121785539383627
2.4038461538461537,0.617022360454605,1.0971702850931084,1.2154629833724921
2.423076923076923,0.616076091948299,1.0956811690172978,1.218328379369852
2.4423076923076925,0.6206538522458189,1.1022512321539968,1.2183196851882627
2.4615384615384617,0.6187684500466589,1.1012374984759812,1.21967939087352
2.480769230769231,0.6195470878565665,1.1013091796366232,1.214684143020572
2.5,0.6202608372718402,1.1031236666472184,1.2215686411765458
2.519230769230769,0.6345112014639257,1.106147368186375,1.2188710593194387
2.5384615384615383,0.6386357836902921,1.1059304239132888,1.2181190341348707
2.5576923076923075,0.638798656433815,1.1024992333611106,1.2191444062928742
2.576923076923077,0.6383549620118494,1.1035060538718597,1.2218512459647686
2.5961538461538463,0.6413719337008331,1.105084211904419,1.2130757867165562
2.6153846153846154,0.6450335119748537,1.1045674188922816,1.223155371414545
2.6346153846153846,0.6398165456951638,1.106134939161723,1.2292854376502294
2.6538461538461537,0.6438852179506425,1.1093670918055816,1.2302292084433957
2.673076923076923,0.6413256328521525,1.1125084827864362,1.2343846785040495
2.6923076923076925,0.6397784914879296,1.1087846985281522,1.2343490968197715
2.7115384615384617,0.6401507704848611,1.110315545891348,1.2389628049875698
2.730769230769231,0.6405727304386272,1.1099608230793874,1.2390223459959468
2.75,0.6432648592835088,1.1091577405194433,1.2386941668124531
2.769230769230769,0.6406605512123147,1.1042650545781585,1.239063585370751
2.7884615384615383,0.6381901489689852,1.114758271010077,1.2391058727249504
2.8076923076923075,0.6358789158460056,1.1029636943369412,1.2401049575101997
2.826923076923077,0.6334697819129884,1.1083430316306444,1.240493663357878
2.8461538461538463,0.6433687980935187,1.1023918729475155,1.2446239269979327
2.8653846153846154,0.6408470629410851,1.1088652500329412,1.2470559280745226
2.8846153846153846,0.6382401043117937,1.1015659663043618,1.2578315357733736
2.9038461538461537,0.640423511708282,1.101490383304428,1.2604118642197404
2.923076923076923,0.6326255414245274,1.1030446399945877,1.2612708818976603
2.9423076923076925,0.6387148396695592,1.1048279757219062,1.2599458456842858
2.9615384615384617,0.6438630881541832,1.1046336053440764,1.2574830306370748
2.980769230769231,0.6461625453425602,1.1060570976771162,1.2605987908117744
3.0,0.6400105777213021,1.102887766371529,1.2750574105403287
3.019230769230769,0.6383642782512059,1.1065390620299032,1.2785868148830315
3.0384615384615383,0.6391385538421965,1.1077586048064973,1.2800537874549869
3.0576923076923075,0.6303317821446691,1.1118530058621166,1.2798121034723542
3.076923076923077,0.6351956692095205,1.1119107390342955,1.2860598365796285
3.0961538461538463,0.6433316857468293,1.1107712980494537,1.2847423841610446
3.1153846153846154,0.6421449653318834,1.1103320459809312,1.284586236682425
3.1346153846153846,0.6298112594275054,1.1053032701261876,1.2833358939732447
3.1538461538461537,0.6614094823824432,1.097603859982988,1.2879873586897042
3.173076923076923,0.6590839246623347,1.0962350337484497,1.2893757365688767
3.1923076923076925,0.6594433318781864,1.0998420893584653,1.2921820687895873
3.2115384615384617,0.6551444084073352,1.101100212219082,1.278522183054717
3.230769230769231,0.6601522180397179,1.1059946099372804,1.2933793489977807
3.25,0.6693912262966604,1.1080052587532305,1.2931998333412402
3.269230769230769,0.6690180904322083,1.1114068775997892,1.293096054970088
3.2884615384615383,0.683614888477971,1.106116811155299,1.2876290331384785
3.3076923076923075,0.6854027939716615,1.1064229176319809,1.2969202543202856
3.326923076923077,0.6889224852413959,1.1137986275716865,1.293340972990724
3.3461538461538463,0.7018716330893329,1.1126036483764814,1.2931827907718718
3.3653846153846154,0.7038976550808481,1.115813560606225,1.3049715093501226
3.3846153846153846,0.7042094304053248,1.1093503970077685,1.2988912512158945
3.4038461538461537,0.7079916116880824,1.1112885277969893,1.3020177840190104
3.423076923076923,0.704883775854185,1.1116325772999625,1.2992451507486085
3.4423076923076925,0.7301962339477844,1.1099012411675218,1.301092554380569
3.4615384615384617,0.7145087316613946,1.1112015247931644,1.3052530226010355
3.480769230769231,0.7040689633290801,1.109453307778482,1.3099202974736006
3.5,0.7217561538971405,1.1122655128148042,1.3161592629253371
3.519230769230769,0.7226099215055392,1.121022344187359,1.3122993752111067
3.5384615384615383,0.7117334852107587,1.1197744760949728,1.3058182984866271
3.5576923076923075,0.7194671249381412,1.129135247132035,1.3121316770664477
3.576923076923077,0.7354820454762137,1.1286384118967199,1.310830690407996
3.5961538461538463,0.7258316123652286,1.135523905482771,1.3100244389411222
3.6153846153846154,0.7302257890976153,1.131938827640226,1.313102595881837
3.6346153846153846,0.729080863432921,1.1373939887798707,1.3115654869844189
3.6538461538461537,0.7421609914144567,1.1426335437451445,1.3130595638383344
3.673076923076923,0.7548883793014328,1.1427776325038024,1.3065551874115695
3.6923076923076925,0.754968384480385,1.1437407996959597,1.3103851863525717
3.7115384615384617,0.7449314099307355,1.1435457527632362,1.3134717382665797
3.730769230769231,0.7596600973697909,1.1439703095141365,1.3071487646161803
3.75,0.7703078899658086,1.1460405896767139,1.3075497735986252
3.769230769230769,0.7561631667316423,1.146526930446687,1.3149881730007087
3.7884615384615383,0.7580466039636762,1.145198875004549,1.32756730148935
3.8076923076923075,0.7546468387555887,1.1456613683193764,1.3260688925642747
3.826923076923077,0.7646427272751056,1.1430767474909396,1.3090863617122865
3.8461538461538463,0.7644079709938453,1.1472687593663582,1.3123790066467231
3.8653846153846154,0.7831649474272733,1.147730152111341,1.323423733303755
3.8846153846153846,0.7875108796569501,1.1453507115947206,1.3230845712757084
3.9038461538461537,0.787730703889489,1.1453530678624722,1.3295740283146398
3.923076923076923,0.7881640495824878,1.1464401213832007,1.3353248273390865
3.9423076923076925,0.7889054467072366,1.144659461672179,1.3341244856506786
3.9615384615384617,0.796679743462701,1.1467800307936384,1.3391223956863474
3.980769230769231,0.7979158717184724,1.1451404700795798,1.3329764883545427
4.0,0.8059341168905941,1.1451892424990753,1.3445209252878005
4.019230769230769,0.81457720301824,1.1474296942389994,1.3435266527992686
4.038461538461538,0.8293116448325846,1.1484844301894868,1.3477983354793324
4.0576923076923075,0.8322448046371121,1.1552708924922903,1.3438037413303991
4.076923076923077,0.8326482594262743,1.1612946606108627,1.3456588242006096
4.096153846153846,0.8377792217164572,1.1615990914731216,1.3391215800030842
4.115384615384615,0.8346880848161999,1.1624019930926024,1.3384912525238066
4.134615384615385,0.8416255212821151,1.165082930986122,1.3428766856479013
4.153846153846154,0.8391107139269689,1.1673430260212527,1.3494359078938896
4.173076923076923,0.838018186051433,1.1739026870929274,1.3549463030857978
4.1923076923076925,0.8470297643857864,1.17080252168076,1.356872429765905
4.211538461538462,0.8460355657556843,1.1683765218449738,1.3613521825798889
4.230769230769231,0.8511863639594373,1.1660325711421868,1.366303641159305
4.25,0.8559598076362972,1.165562961557524,1.368056920637041
4.269230769230769,0.8569558804673492,1.1699174892616941,1.368038802281388
4.288461538461538,0.8685175489844968,1.1686579585056331,1.369940759153976
4.3076923076923075,0.8645905364342122,1.168418729854548,1.3701844806867571
4.326923076923077,0.8691868201251914,1.1654268323072707,1.3768167448353685
4.346153846153846,0.8746263387817695,1.1664908620312007,1.3785038896993196
4.365384615384615,0.8750420360088402,1.170676546552051,1.3817944156393425
4.384615384615385,0.8770760802741528,1.1718174993526511,1.3819372791549218
4.403846153846154,0.8794073044658645,1.1690923898953054,1.3849237219224049
4.423076923076923,0.8753487416102633,1.1673830781071919,1.3882732963828626
4.4423076923076925,0.8752329809207519,1.1707697994758743,1.389348431786847
4.461538461538462,0.8775169133918771,1.162684038985358,1.3940460565816502
4.480769230769231,0.8803484160613616,1.1677738415952776,1.401981180239363
4.5,0.8757717085364654,1.164263801144409,1.4042642307260846
4.519230769230769,0.8801485493935748,1.1693003636088157,1.4001472254687077
4.538461538461538,0.8798355812033547,1.1668981730187662,1.397650954173909
4.5576923076923075,0.8712965448368337,1.1749708234444824,1.406003847137129
4.576923076923077,0.8692279948383763,1.1737571504885145,1.403980140345182
4.596153846153846,0.8773005869044619,1.1678044413166488,1.4105849666315455
4.615384615384615,0.8779927329282646,1.1641199198793393,1.4154374745199945
4.634615384615385,0.8753853415229489,1.1647569723123428,1.4117917636677295
4.653846153846154,0.8780454340935897,1.165827390933272,1.4096276595819557
4.673076923076923,0.8821681349953215,1.1685702020624795,1.4009928076658955
4.6923076923076925,0.8904126145021641,1.167275522256266,1.4193805930432024
4.711538461538462,0.8850465055462081,1.1679835385700938,1.4250128929742611
4.730769230769231,0.8889886149932629,1.1661738029552682,1.4198932078942441
4.75,0.892864201384547,1.1679140878624885,1.4208857869647926
4.769230769230769,0.8968451196138114,1.1674544881488622,1.4258032197760357
4.788461538461538,0.8914361432412515,1.1681281207068681,1.4274624740292758
4.8076923076923075,0.8979131431619891,1.1727906256661198,1.4291269295227618
4.826923076923077,0.8940206509097434,1.1733146870324802,1.4285113401238905
4.846153846153846,0.8970762659245543,1.1757204040209417,1.430325112948671
4.865384615384615,0.895246517408288,1.1790776394368687,1.4249803129560792
4.884615384615385,0.8883495457769305,1.1837965796433645,1.4275293530342907
4.903846153846154,0.8888776447099503,1.1833095404698495,1.431581635194573
4.923076923076923,0.8947204285836556,1.1852994342248353,1.4303487288924037
4.9423076923076925,0.8895011194468442,1.1818663746203142,1.4305275385270484
4.961538461538462,0.8882195581092552,1.1993181591883035,1.4326086159417186
4.980769230769231,0.8780146778509041,1.189621960727024,1.4330063713977492
5.0,0.8784520114995338,1.184877862923161,1.4426734643712464
5.019230769230769,0.8779814769501865,1.1893235201715595,1.4401999463224417
5.038461538461538,0.8769265875387127,1.1900644583485254,1.4427224892783717
5.0576923076923075,0.8845709859678696,1.188168043575189,1.4478480098843787
5.076923076923077,0.8991383340961181,1.1927824607076265,1.4467198028664745
5.096153846153846,0.8914109975196421,1.19284641632621,1.4514210040369506
5.115384615384615,0.8937110508382968,1.1954578624630623,1.4623138925131463
5.134615384615385,0.8941769816845074,1.1951274479640257,1.4656242527991945
5.153846153846154,0.8975818046775592,1.197024924662016,1.4656774863639221
5.173076923076923,0.8933117922545275,1.1965522180793302,1.4727621824460646
5.1923076923076925,0.8969335441012509,1.19848182751024,1.4772434392387008
5.211538461538462,0.8977590750790653,1.201174122810103,1.4759778963952883
5.230769230769231,0.8957494923374797,1.2078644469747932,1.476609965165083
5.25,0.896129613125569,1.2107454333406487,1.4718660813101698
5.269230769230769,0.8949283985525572,1.2046518643146098,1.4718498758221024
5.288461538461538,0.903503210389669,1.2064562488012753,1.4730940394117038
5.3076923076923075,0.894700444945155,1.2097984499639547,1.4742168718364304
5.326923076923077,0.892889578166801,1.2075293868708805,1.4759856020866746
5.346153846153846,0.8895150016370719,1.21166429667141,1.4764501140154973
5.365384615384615,0.8955160997869817,1.214570877257894,1.4742187509178568
5.384615384615385,0.9062672105095148,1.2169117798185818,1.4755669744602111
5.403846153846154,0.8987559170073722,1.222750060849817,1.477951997296016
5.423076923076923,0.8977511577149948,1.2248608975506743,1.475581639571998
5.4423076923076925,0.89722427938615,1.2236906029183894,1.4790954772417009
5.461538461538462,0.9061642262171281,1.2203174417918699,1.4847698078545195
5.480769230769231,0.9079363756355945,1.2193438132017909,1.4860116742831564
5.5,0.9053323675434953,1.2197570880879511,1.4967087496971265
5.519230769230769,0.9053365173096879,1.2255857449656282,1.5062721513690165
5.538461538461538,0.9085910632954014,1.2375474607664256,1.5126269768752865
5.5576923076923075,0.9089599771830635,1.2391516181321176,1.5229453043162755
5.576923076923077,0.9086189015393176,1.2297766809319695,1.5236986847953569
5.596153846153846,0.9091761836243841,1.2283070957003979,1.527290010329502
5.615384615384615,0.9173870992986527,1.2382380386801677,1.5291572522673786
5.634615384615385,0.9224299768528496,1.2478661115426122,1.5370563982650889
5.653846153846154,0.9346866548315049,1.2472568187791886,1.5457157314292982
5.673076923076923,0.9337342634373667,1.2611012977662013,1.5455198281950309
5.6923076923076925,0.9283354711429924,1.2488818275002995,1.5313857461203437
5.711538461538462,0.9270706027630604,1.2517672840079817,1.5445235874414498
5.730769230769231,0.9263984990945464,1.262785587943203,1.5457338163440906
5.75,0.9129913050417969,1.263448225445511,1.5493583225526097
5.769230769230769,0.9186916264839325,1.2698202725001582,1.54889498989612
5.788461538461538,0.9261323157246812,1.2639491223290968,1.5581692885837468
5.8076923076923075,0.9233038736374415,1.2676269379231613,1.559495182908602
5.826923076923077,0.9298820492847749,1.2633023650548219,1.5620393986025998
5.846153846153846,0.9250202320827938,1.2653436620186254,1.56325208682473
5.865384615384615,0.9232712969539663,1.264236341944484,1.563444368044956
5.884615384615385,0.9289507120979463,1.2734668704038448,1.5764763877393113
5.903846153846154,0.9287481454168108,1.2685440752223767,1.5839408784614395
5.923076923076923,0.9280545709642931,1.2661354923214856,1.5843158609128127
5.9423076923076925,0.9307975713509327,1.2657970178442937,1.5844088260980869
5.961538461538462,0.9387171205049425,1.2690662921509923,1.5926930440560245
5.980769230769231,0.9350143860221936,1.271009728918762,1.5885946425127153
6.0,0.9426105754582021,1.2676448269002756,1.601710294736898
6.019230769230769,0.9354575971742808,1.265997245725384,1.5963023439238884
6.038461538461538,0.9428380535163651,1.2688731799389834,1.6160695740316333
6.0576923076923075,0.9513593483078256,1.2744863914616653,1.628657254148954
6.076923076923077,0.9625862975093075,1.2747487477042978,1.6289909127435784
6.096153846153846,0.9620859062738921,1.2795740644111449,1.6290924635453712
6.115384615384615,0.9657678400285152,1.275773373948091,1.6373301662545166
6.134615384615385,0.967060147558837,1.2777459233555586,1.637491280006788
6.153846153846154,0.9732541780644635,1.289111500118525,1.6518219876539415
6.173076923076923,0.9724274355550327,1.289254426197341,1.659230449432973
6.1923076923076925,0.9852282862516432,1.2874785211734305,1.664380136484744
6.211538461538462,0.9847229260755519,1.2862919806853115,1.676145066967662
6.230769230769231,0.983935802775165,1.2832179596049134,1.7226506991605413
6.25,0.9927586342195287,1.2897369965646777,1.723484814699928
6.269230769230769,0.992202576446453,1.280257058971355,1.7298798044517891
6.288461538461538,0.9911703352238123,1.2988236859679803,1.7302460239289004
6.3076923076923075,0.9978489670569268,1.296983650758933,1.7328051609786175
6.326923076923077,1.0000750340115885,1.2976785158900905,1.732964878959729
6.346153846153846,1.0034988477516031,1.2970073036318575,1.733113349566951
6.365384615384615,1.0028362021636332,1.2989859315237318,1.7482504356439497
6.384615384615385,1.0055828770779227,1.3004025650229765,1.733752785927045
6.403846153846154,1.0011688505992848,1.3011053490120477,1.7603585090322187
6.423076923076923,1.0094901672379188,1.3045092419565854,1.766848048191409
6.4423076923076925,0.9992318297201657,1.3104505520774543,1.7751704054007846
6.461538461538462,1.0059315061662244,1.3162416237653303,1.7708661276091788
6.480769230769231,1.0062200403911068,1.3176617452379609,1.7681404258151356
6.5,1.010036013488998,1.3219909082908268,1.7773491210428518
6.519230769230769,1.007850356043716,1.3224146856140615,1.7703712874234632
6.538461538461538,1.0065934161571186,1.3106514065395214,1.771194350968941
6.5576923076923075,1.0223585036448104,1.318765337346311,1.7777993465994175
6.576923076923077,1.0237328744777026,1.3185128809901419,1.7882953446467202
6.596153846153846,1.026646216811591,1.3155957931526614,1.7885569155307928
6.615384615384615,1.0267255830279924,1.3215292414595017,1.7939594082660366
6.634615384615385,1.0366636032768899,1.326030864221749,1.805451836823992
6.653846153846154,1.0339492841151865,1.320582311916911,1.817064691628332
6.673076923076923,1.0398590108066756,1.3267712258520712,1.833571243079833
6.6923076923076925,1.0425840812297453,1.3275310242326004,1.8432797552822116
6.711538461538462,1.042868526527681,1.3306098107144675,1.8435385909658928
6.730769230769231,1.040988097916791,1.328724521716399,1.8348316007925107
6.75,1.039908553356306,1.3366828223679508,1.8384970170809487
6.769230769230769,1.040264767913676,1.3339440891155716,1.8387528261272434
6.788461538461538,1.0398481579495684,1.326493721022177,1.8393094371041128
6.8076923076923075,1.03837768405214,1.3293818438296388,1.857120966301056
6.826923076923077,1.0310223032850976,1.3325951677970223,1.8640806503980236
6.846153846153846,1.0302636119949522,1.3363870580659825,1.8590773453361247
6.865384615384615,1.0216691376297766,1.3313422505375931,1.8650178209762167
6.884615384615385,1.0244101918012305,1.337381316671384,1.8598767959308395
6.903846153846154,1.0248453513565845,1.3448777143095796,1.8662061967964223
6.923076923076923,1.0169203249995236,1.3512413074066965,1.8680795812602482
6.9423076923076925,1.0117245737104668,1.360847447370505,1.8785579861632855
6.961538461538462,1.0194590509309938,1.3619330380119095,1.9115869069557019
6.980769230769231,0.999146899485032,1.3644834094520006,1.9121070509880498
7.0,1.000609204960616,1.3590541566040726,1.899172537003389
7.019230769230769,0.9997398291841488,1.361683507829996,1.9269532922319033
7.038461538461538,0.9931695432516603,1.3626141420040212,1.933074966207829
7.0576923076923075,0.9981744093379513,1.3632337262373941,1.9336427055267142
7.076923076923077,0.9893524053119698,1.3658515072863038,1.9352821735535954
7.096153846153846,0.9938961181964692,1.362616646290882,1.9503690621402077
7.115384615384615,0.9930326043796954,1.361132353995503,1.9624359411092982
7.134615384615385,0.9956331216086632,1.36814897029193,1.9667636766771968
7.153846153846154,0.991532794695192,1.3753481486762795,1.9806119773095872
7.173076923076923,0.9938527316536255,1.3706347998349981,1.9758631154104604
7.1923076923076925,0.9915715492111818,1.3711791817661263,1.975613012461883
7.211538461538462,0.9927526009147117,1.3749272946964282,1.9655540094129318
7.230769230769231,1.0001150205610732,1.3810757091476806,1.9641328305337644
7.25,0.9974766591786232,1.3848121330726448,1.964975692368587
7.269230769230769,1.0261278199389325,1.3772745232872854,1.9654444018413193
7.288461538461538,1.026113816884097,1.395845180676262,1.955925901111354
7.3076923076923075,1.0263402008556706,1.3922791477867484,1.968062077139921
7.326923076923077,1.0250268225576087,1.3869846752669974,1.9741453610976543
7.346153846153846,1.027550190920572,1.3875015982184,1.9836670310325102
7.365384615384615,1.0274040518479037,1.389324740419112,1.986962033738946
7.384615384615385,1.03003682037907,1.3900890316745353,1.9940431738423086
7.403846153846154,1.026965746306563,1.3912434348041414,1.9947884412386576
7.423076923076923,1.030106723526709,1.389725525543179,1.9956184539902917
7.4423076923076925,1.0345726103142583,1.3923584811737073,1.9870393346594248
7.461538461538462,1.0578533511773152,1.3932125325265994,1.9897991315164167
7.480769230769231,1.058990379771749,1.4071972422271692,1.990521647121397
7.5,1.0820722790254977,1.4074637952894369,2.0005298176775135
7.519230769230769,1.084217353571155,1.406988601365245,1.9919828749777053
7.538461538461538,1.083428864358902,1.4132298416629825,1.9901500048648333
7.5576923076923075,1.0861364698558569,1.4141026742501595,1.9907316096944476
7.576923076923077,1.106451033520162,1.4136415185307505,1.9913967263385066
7.596153846153846,1.1105643949523283,1.4159209311304335,1.995491042397508
7.615384615384615,1.1063234494594394,1.4166557054302746,1.993176058536385
7.634615384615385,1.1094451422795577,1.4165062217187145,1.9944330777324957
7.653846153846154,1.1089311996682758,1.419763457247404,1.9947360117342634
7.673076923076923,1.1165936387307702,1.418406030965075,2.012866604934173
7.6923076923076925,1.116325711988267,1.424081608312667,2.0174968119917565
7.711538461538462,1.109215824463313,1.4241368261994176,2.02815933733002
7.730769230769231,1.1118572195997227,1.4286373667704195,2.020632009950403
7.75,1.1140730924207378,1.4317439591479415,2.0265237095111948
7.769230769230769,1.113114249664217,1.4330237846690066,2.024252809712293
7.788461538461538,1.1122048364435355,1.434103257022383,2.0245151457398913
7.8076923076923075,1.120316456242044,1.4481759021968492,2.0261602362228555
7.826923076923077,1.1152563093254642,1.451107448327894,2.021136235239353
7.846153846153846,1.127650785353406,1.4513690369081376,2.0215990402296624
7.865384615384615,1.1269989127145745,1.4568381082949236,2.0060377207116917
7.884615384615385,1.125662257100965,1.451124496775266,2.006266714877254
7.903846153846154,1.1299400428257402,1.4610074145576246,2.0069470781483423
7.923076923076923,1.1269616710226091,1.4645744450552165,2.008274166620283
7.9423076923076925,1.1307889172105015,1.4643151044115306,2.0064192962003515
7.961538461538462,1.1307633799005967,1.4675100647432766,2.010658116727847
7.980769230769231,1.1287548203287068,1.4697057445245914,2.013976208129742
8.0,1.1347049165674852,1.4699209438237375,2.016378353566788
8.01923076923077,1.1298673056116966,1.4701176134086673,2.026977269503751
8.038461538461538,1.1253069979788617,1.4735765989940588,2.025022384698693
8.057692307692308,1.1286059629728389,1.479332162076298,2.02872145878786
8.076923076923077,1.1336285645354818,1.4839482299860773,2.0421701319975107
8.096153846153847,1.1331992251691305,1.486057200131101,2.042013560760897
8.115384615384615,1.1306433483450564,1.4936739875674316,2.031730247543198
8.134615384615385,1.1229795018547313,1.4944206552442796,2.024634700415263
8.153846153846153,1.1215206250178256,1.4949424016624726,2.034478601568393
8.173076923076923,1.1129377662432383,1.4934335084826578,2.046481901609363
8.192307692307692,1.113732985050936,1.4932215501251354,2.0512725643985115
8.211538461538462,1.113183236774965,1.4952517216676666,2.058042483461526
8.23076923076923,1.112782403679807,1.48693124383853,2.0588022916572304
8.25,1.1067424573134943,1.5069326354726629,2.059415987635421
8.26923076923077,1.1113798501245715,1.509026665059661,2.056625173367699
8.288461538461538,1.119449893726608,1.5080583275924953,2.0594390768050905
8.307692307692308,1.1182445865651531,1.5098984744639659,2.0641722909022917
8.326923076923077,1.1215143733626132,1.5128910848539308,2.0627678426107225
8.346153846153847,1.1175995005520876,1.5196513035493788,2.0706734015076043
8.365384615384615,1.1092011873599557,1.5233073663960333,2.0721188106137975
8.384615384615385,1.1077010165007475,1.5260276629188303,2.0751819950762203
8.403846153846153,1.0952483604610137,1.5255819400413055,2.0744807269040977
8.423076923076923,1.0924286164831152,1.5300158005887017,2.0824652678024043
8.442307692307692,1.0630918835713234,1.5235000780686148,2.0784177325160798
8.461538461538462,1.0584238018113177,1.540654969643608,2.07734618361991
8.48076923076923,1.040631466082837,1.5340662092608204,2.086013303768177
8.5,0.995005187461258,1.5347508951067628,2.090541507726436
8.51923076923077,1.0119524471191914,1.5420281899633186,2.088557749628061
8.538461538461538,1.011911819384346,1.5487416752018965,2.084863262537092
8.557692307692308,1.0091922532855175,1.547305920093597,2.0922008038467355
8.576923076923077,1.0027168422238812,1.5476534587247768,2.0950857366330737
8.596153846153847,1.0101826376386753,1.547541021095139,2.0885181956556633
8.615384615384615,0.9991638570553998,1.5504494366370225,2.0936550539827286
8.634615384615385,0.9881527195705251,1.5528250176124776,2.0995117913088497
8.653846153846153,1.0056316090409578,1.549594183795389,2.102097756634023
8.673076923076923,1.0036503487292687,1.5562216119520693,2.104096163249422
8.692307692307692,0.9819663748619986,1.5647204291142938,2.1061761927245124
8.711538461538462,0.980178129291956,1.5705216174982293,2.1136344429498046
8.73076923076923,0.9917190837799743,1.5741778231260304,2.1172698491659703
8.75,0.9722699970185174,1.5754831030692347,2.120712740101486
8.76923076923077,0.976644839464682,1.5787413725849526,2.1225919337291987
8.788461538461538,0.9583477769742447,1.584099968841407,2.124378824292657
8.807692307692308,0.9604397719062208,1.5878226431781037,2.1262293509605215
8.826923076923077,0.955831419334506,1.582533066710299,2.1254016675875023
8.846153846153847,0.97238850797859,1.5895889205970943,2.1396669019397216
8.865384615384615,0.9648924210325853,1.5935454091887893,2.151182743433746
8.884615384615385,0.9698516422119463,1.5954330693934515,2.152364754408669
8.903846153846153,0.9705622531392322,1.5964204948139074,2.1552345498702445
8.923076923076923,0.9693135520401821,1.598844994713483,2.1562397385397563
8.942307692307692,0.9660539626884614,1.598032223000999,2.1601549830566356
8.961538461538462,0.9773733804605248,1.5989049531210155,2.162535773629031
8.98076923076923,0.9849051401770755,1.6031716182166358,2.1663772780186594
9.0,0.9828913418103374,1.6051348548549078,2.1649379249519147
9.01923076923077,0.9822999277849414,1.6055397360363004,2.165545074892594
9.038461538461538,0.9811848596771143,1.6063812839081222,2.1703979376666176
9.057692307692308,1.0226420201278763,1.6034332720154472,2.1702485807827387
9.076923076923077,1.0244903216358314,1.6170002076989176,2.1700285026678845
9.096153846153847,1.020100531992541,1.6202024918924405,2.17810241195814
9.115384615384615,1.0385706224491884,1.622634236084,2.183304282092849
9.134615384615385,1.0372248004076616,1.6368117830313498,2.1853708723077125
9.153846153846153,1.0510492848077617,1.632890070793729,2.1784834592557054
9.173076923076923,1.0346224014546377,1.6443428836896006,2.181914082363947
9.192307692307692,1.0481371301630762,1.6486923900043515,2.1914055430948145
9.211538461538462,1.0489814500559487,1.6577444293746169,2.1930836059228516
9.23076923076923,1.050548565843308,1.6522483063534017,2.187898340877473
9.25,1.0476780688764764,1.6608185324486926,2.196889562234734
9.26923076923077,1.048212568122761,1.6622664315727262,2.2057701061456294
9.288461538461538,1.0469567804875162,1.6668421343473783,2.212718119061337
9.307692307692308,1.065247431489467,1.6700202368537231,2.2073984373335325
9.326923076923077,1.053454260758484,1.6717314159073176,2.211396664245426
9.346153846153847,1.062820682572959,1.670260587676605,2.216290456696598
9.365384615384615,1.0603029287546846,1.6706023860717476,2.2221300276900444
9.384615384615385,1.0588779432807736,1.687538332862274,2.2242828759975386
9.403846153846153,1.0633281062558222,1.6952473694154317,2.232652617907284
9.423076923076923,1.0620973145440002,1.697829580298455,2.237202841541294
9.442307692307692,1.0606619342373456,1.6864116336640578,2.243505126334958
9.461538461538462,1.0592118568191309,1.689564617591975,2.2407694806301244
9.48076923076923,1.0623785681313573,1.705282909156884,2.2524294102356395
9.5,1.060483116503865,1.7140992796972423,2.254007060549473
9.51923076923077,1.0550259090970775,1.7247595436511385,2.2834620933050505
9.538461538461538,1.053666550629768,1.7311893138132284,2.2849603249495147
9.557692307692308,1.0721780384524917,1.730924639897625,2.260886851998281
9.576923076923077,1.0914419595252867,1.7416598838752457,2.288143171332411
9.596153846153847,1.0898649078114642,1.7443369556599226,2.2892516042541478
9.615384615384615,1.0884521277555506,1.7456995122718884,2.2991255025050075
9.634615384615385,1.0872973303004394,1.7508427348903484,2.30060255645946
9.653846153846153,1.1202841267164925,1.755041959596219,2.306827531913446
9.673076923076923,1.1186177554203645,1.7607478079141201,2.3117156111688315
9.692307692307692,1.1173160551469319,1.7647061596135032,2.317660252090104
9.711538461538462,1.1162681447820206,1.7790680732692392,2.321780402534308
9.73076923076923,1.136738734684274,1.7873079444870057,2.3232133390062075
9.75,1.1419248446897303,1.785385196287266,2.3431978295076927
9.76923076923077,1.1343399206638094,1.7903309523217783,2.3453353352255957
9.788461538461538,1.1443764104180953,1.7972380806882335,2.350275168357819
9.807692307692308,1.1463245182222257,1.799212522636751,2.387198839840398
9.826923076923077,1.1512046078052827,1.8061395261584663,2.404386383042737
9.846153846153847,1.1619266755133864,1.8073620331646325,2.4068110038587043
9.865384615384615,1.153253689618116,1.830883001444942,2.4190061645838687
9.884615384615385,1.159353377515384,1.831984606195767,2.4243694163784273
9.903846153846153,1.1657757568962834,1.8338299625977459,2.4262256049242414
9.923076923076923,1.1644562967932865,1.8489837298754774,2.429879966187797
9.942307692307692,1.1753707890984397,1.906081883088772,2.431011299265304
9.961538461538462,1.1790802928925914,1.9082640733002743,2.4329158839139744
9.98076923076923,1.1760883260064512,1.9105149185816925,2.4560361890179845
10.0,1.1971931143332646,1.9171959604372568,2.458316849633476
10.01923076923077,1.1917627197380187,1.9182477715644848,2.458713644122639
10.038461538461538,1.1960658110393765,1.9198444719559065,2.46857056913591
10.057692307692308,1.1926124029088485,1.9223831680908483,2.474699042353227
10.076923076923077,1.1933629989703605,1.9222640159457134,2.491163952689889
10.096153846153847,1.1899962965065103,1.943636380820535,2.493358211985301
10.115384615384615,1.19082424263038,1.9543804260736124,2.4936431646419455
10.134615384615385,1.1892001517200719,1.9630457875528287,2.497752789208192
10.153846153846153,1.1881578902795813,1.964163092456836,2.497030413172114
10.173076923076923,1.188079791639445,1.9659739807128251,2.5106137896749514
10.192307692307692,1.1866672319901062,1.976595857735198,2.511891864754146
10.211538461538462,1.1919905674573101,1.9733363716909524,2.5163446727638483
10.23076923076923,1.2154347406903057,1.9745943009570628,2.5402123797543203
10.25,1.206004555602121,1.9757021993489503,2.5418685930326914
10.26923076923077,1.2226473224210306,1.9769438044684056,2.5562492784978064
10.288461538461538,1.2106584454484024,1.9921643923867682,2.5820168085548914
10.307692307692308,1.224186099929569,2.0002889926719867,2.6127856642767884
10.326923076923077,1.2243593575752545,2.0019973763931604,2.6144119787291142
10.346153846153847,1.2232245333708198,2.0045196457211945,2.6159060514830847
10.365384615384615,1.2273192447146188,2.0113543237872316,2.5956842588823203
10.384615384615385,1.2202906524732933,2.021161592258289,2.613593557437912
10.403846153846153,1.2128271161452397,2.019105570391432,2.615174617243431
10.423076923076923,1.215495470188732,2.0235068281897934,2.6168411518708603
10.442307692307692,1.2150497894771006,2.0276328831124033,2.631986788294952
10.461538461538462,1.2200144752833941,2.024634415163358,2.620287146894893
10.48076923076923,1.2303208765039024,2.0233613671047417,2.6061165849720362
10.5,1.2304862457822694,2.0365667226245106,2.607900797118746
10.51923076923077,1.2307067102399962,2.039730439930757,2.6407709986226244
10.538461538461538,1.2358997364358244,2.052963313721275,2.627342675401506
10.557692307692308,1.2468551789083322,2.0595407810083914,2.6343856096806553
10.576923076923077,1.2781623827642272,2.0584050271320136,2.61276037322617
10.596153846153847,1.2766700711878542,2.0685217332042027,2.65025709848566
10.615384615384615,1.274650889167182,2.0722676042025783,2.6135529744024155
10.634615384615385,1.288416609293277,2.072384607493812,2.6180897907305027
10.653846153846153,1.2996529148302325,2.0750241955555984,2.611364525158543
10.673076923076923,1.3389861230838556,2.0795700605653495,2.617501621674734
10.692307692307692,1.3412924062115756,2.0914246334110747,2.6431265776926915
10.711538461538462,1.3487362654675212,2.089784702296522,2.644794387028015
10.73076923076923,1.3642398599723229,2.094442215378179,2.6483048524722808
10.75,1.362287963230314,2.0931508543638087,2.655207277993268
10.76923076923077,1.3608368161598492,2.0976883635808496,2.6313545724217313
10.788461538461538,1.3642994714559966,2.094048024436584,2.654698152630036
10.807692307692308,1.3641363512386406,2.1036254471866873,2.6650204687400953
10.826923076923077,1.3732465565245164,2.098786560637321,2.6782712016905648
10.846153846153847,1.3919550530233236,2.104712135803056,2.659933539445301
10.865384615384615,1.3905803727444057,2.115662547790093,2.6822653309428923
10.884615384615385,1.4059674604946655,2.1233788095650965,2.6877098430746433
10.903846153846153,1.411614442499953,2.1280191899317646,2.686693788038127
10.923076923076923,1.4044711282828,2.12699236999808,2.7077115638578086
10.942307692307692,1.4187078885645716,2.130951301497835,2.6953717779554367
10.961538461538462,1.4179453216569338,2.13335045255909,2.6967405280836165
10.98076923076923,1.4311597670480376,2.134334430386793,2.7005155989901932
11.0,1.4204910368649717,2.139831610538189,2.7074096400181227
11.01923076923077,1.428310770723562,2.141490804820747,2.7149956873139236
11.038461538461538,1.4455167720518696,2.1502592354007968,2.736534239830234
11.057692307692308,1.439340700094224,2.177078180630695,2.7390927399721465
11.076923076923077,1.435635569663763,2.1778732001260117,2.721123180235243
11.096153846153847,1.4428882611624645,2.180098582182425,2.744023592007227
11.115384615384615,1.43476242558114,2.1848497979030848,2.7451467509587824
11.134615384615385,1.440124887941444,2.1954139101003527,2.7472092903691365
11.153846153846153,1.4383270488882685,2.1868690689281522,2.749575486301863
11.173076923076923,1.435687392828659,2.196727536053512,2.755137804943112
11.192307692307692,1.4330875158994583,2.2018304688008854,2.7537083134096703
11.211538461538462,1.4327876533442867,2.217088430923958,2.756603680308776
11.23076923076923,1.4352533064637303,2.222649461478835,2.786723427344793
11.25,1.4315761355968812,2.2230118364429137,2.775044510764123
11.26923076923077,1.4414743158948695,2.226560570001771,2.7760056323082645
11.288461538461538,1.4385082377228504,2.2316198390260524,2.8075089047708626
11.307692307692308,1.4425807728482996,2.235596637149691,2.7977260914436863
11.326923076923077,1.435659414444058,2.233293300780095,2.8118616448485576
11.346153846153847,1.4524112663370277,2.2387721039008786,2.816670375744372
11.365384615384615,1.4445879394241103,2.2520162453570394,2.815711590038933
11.384615384615385,1.4559268888874988,2.2435132796954713,2.84399546079618
11.403846153846153,1.430675627029008,2.2453367322782474,2.84778202913381
11.423076923076923,1.4492142401610215,2.257706999548575,2.8510512532321326
11.442307692307692,1.4470689490638993,2.2600878663300454,2.8536910680535015
11.461538461538462,1.4308438446042286,2.261111032288173,2.8637968371884845
11.48076923076923,1.457262382977862,2.2667762281670445,2.8652957447255627
11.5,1.4564232118410179,2.275687684089478,2.8739932910043637
11.51923076923077,1.451106916121394,2.2784370580708684,2.890300014839259
11.538461538461538,1.4606238063094281,2.2815200480500417,2.8916168228072077
11.557692307692308,1.4684258027519075,2.2855046529893404,2.8970078533612704
11.576923076923077,1.472715060235807,2.290388289383964,2.902764654723736
11.596153846153847,1.4720302744745681,2.293538281017546,2.917425494733974
11.615384615384615,1.4593263555720046,2.2949663782728553,2.9205957726173826
11.634615384615385,1.4616819016042983,2.30650018005442,2.9283798682799635
11.653846153846153,1.4671080508504306,2.3159224543648413,2.936871338632061
11.673076923076923,1.4602098127818375,2.319018657841985,2.93455842125595
11.692307692307692,1.4655621949312108,2.3217976190066656,2.9388255781839083
11.711538461538462,1.466128014552327,2.3187425938569195,2.9480364862200474
11.73076923076923,1.4647382420892516,2.3269099867958425,2.9465119892565688
11.75,1.4632988286302653,2.331243332123936,2.947861170451787
11.76923076923077,1.4725809084389878,2.3244621052804795,2.951158676603893
11.788461538461538,1.4801087859649655,2.3267168385994785,2.984968150628217
11.807692307692308,1.4785220147897524,2.3283274348212295,2.9866936883128377
11.826923076923077,1.4801050392681567,2.331502888577446,2.9772136055767726
11.846153846153847,1.4784530690073114,2.3309957974431663,2.9967529705045077
11.865384615384615,1.4828605307100862,2.3370959643185767,3.0005786366043865
11.884615384615385,1.4820784684456052,2.345296632844049,2.995314792133628
11.903846153846153,1.4842297129617408,2.347049124228745,2.9748252829873576
11.923076923076923,1.49798731056418,2.350528606807144,2.972685486311754
11.942307692307692,1.5246421142049909,2.3603038795739115,3.002309467566956
11.961538461538462,1.5405948331500139,2.368529072417238,3.0048356031473986
11.98076923076923,1.5605229142534474,2.3652929925161486,3.030669549028296
12.0,1.5758330200883495,2.372145109335831,3.0187960459574645
12.01923076923077,1.5816343255077114,2.3757577155164578,3.031740643663337
12.038461538461538,1.580793517495452,2.38057644869572,3.035271232371676
12.057692307692308,1.5908634958980545,2.379064826031083,3.0577629699200064
12.076923076923077,1.5944831060775146,2.3812478125609227,3.0614285653850137
12.096153846153847,1.597730519651614,2.387591150178536,3.061370075814786
12.115384615384615,1.6013601854752144,2.3898271886499654,3.0763977250494383
12.134615384615385,1.617475277802009,2.3931832328473996,3.088066251922673
12.153846153846153,1.608104745044761,2.4008911756322626,3.078467764845863
12.173076923076923,1.6178209801249501,2.391450461487609,3.1034340796702273
12.192307692307692,1.6190626947081013,2.398833521142139,3.1063611298177025
12.211538461538462,1.6176856729562625,2.402257440302854,3.1055542643040726
12.23076923076923,1.6239109677407848,2.4027820027922884,3.1062433888974743
12.25,1.6321778819822303,2.4068586536531438,3.1178660313062037
12.26923076923077,1.6370938454666961,2.4112824280124614,3.136593358926195
12.288461538461538,1.6324401485438569,2.4187498564378562,3.122724319038067
12.307692307692308,1.6325954132566374,2.4164527172083017,3.125335440420182
12.326923076923077,1.6314658210311748,2.4225450937169,3.15245567202349
12.346153846153847,1.6373291947139565,2.4301739652942635,3.1379806261804313
12.365384615384615,1.6351619477651058,2.4262177164921304,3.129563568032281
12.384615384615385,1.630162616229766,2.443625534105057,3.1426270262929266
12.403846153846153,1.625853844351436,2.4420902190250287,3.1343076562164507
12.423076923076923,1.6213973063707385,2.4506208983983546,3.140740935813002
12.442307692307692,1.6199207826085193,2.434370562833834,3.149323436657567
12.461538461538462,1.644240710765254,2.438948135585054,3.161733602636526
12.48076923076923,1.6515823052180727,2.442907248853203,3.164267063773222
12.5,1.64295819400597,2.4436494571897818,3.150512682582213
12.51923076923077,1.6487488052729418,2.454748549326579,3.1812230159101373
12.538461538461538,1.6473361687367367,2.460221859983622,3.2211652650982567
12.557692307692308,1.6460875923291645,2.4671844319782146,3.213844673670506
12.576923076923077,1.6550780853317553,2.471320302464792,3.225304633292003
12.596153846153847,1.6561761766101513,2.4954093253294474,3.2383413494272895
12.615384615384615,1.6537527135888173,2.502397244465748,3.286355769809013
12.634615384615385,1.6535287541559889,2.5076306342559547,3.366761552123389
12.653846153846153,1.673978072603834,2.5103409820698914,3.3465439568594033
12.673076923076923,1.6729411049504888,2.5121417371076533,3.394022315080732
12.692307692307692,1.6849353787131875,2.512143744010774,3.3968758797962426
12.711538461538462,1.6815406059343054,2.498606999484078,3.3796044088021597
12.73076923076923,1.6824771281675306,2.5008366178915464,3.403439678876948
12.75,1.6892553866945605,2.510717132767627,3.4080142902833366
12.76923076923077,1.6869727301910729,2.52228585224273,3.420896506053652
12.788461538461538,1.6913967544699497,2.5395429661331343,3.4237815055096674
12.807692307692308,1.685217852632708,2.5431102024130574,3.5082250028378077
12.826923076923077,1.6752309269682943,2.5445876985622498,3.5612464491527343
12.846153846153847,1.6820521593525568,2.5541421788484735,3.5685872029333683
12.865384615384615,1.670737370933558,2.558871310714853,3.5682978182189253
12.884615384615385,1.6789142915273354,2.5604089002330976,3.6198529943898134
12.903846153846153,1.690018565473615,2.566701881939069,3.6228596051025077
12.923076923076923,1.6855684022684956,2.569963879848084,3.711009741172685
12.942307692307692,1.684713714297251,2.5749459277091677,3.7141027293208944
12.961538461538462,1.6929879213012977,2.5734852992763626,3.861966856766484
12.98076923076923,1.6935163687554537,2.5802115163275614,3.865194368541118
13.0,1.6979483663241204,2.5956032557630806,3.914660125349094
13.01923076923077,1.6950007515052203,2.6025822334107973,3.9171110831759286
13.038461538461538,1.692046953809817,2.6068052844648255,3.9845278519645517
13.057692307692308,1.7058924659899863,2.609660370723085,3.922302283102229
13.076923076923077,1.7069980469039987,2.6177517691122496,4.014441509185586
13.096153846153847,1.70951962580955,2.6149928219855534,3.996039911527341
13.115384615384615,1.7084022196820066,2.625035845312979,4.06114738098747
13.134615384615385,1.7068884959947646,2.6208020694271488,4.034628574618825
13.153846153846153,1.7078179142318284,2.6248263714200366,4.0999378793270385
13.173076923076923,1.7201932080121791,2.6245094049673283,4.156743181292604
13.192307692307692,1.7204782301936516,2.6456883952617964,4.216050322470242
13.211538461538462,1.7415816915020312,2.6587996958526516,4.164123080322787
13.23076923076923,1.743421538556903,2.6480527156851714,4.214157296760768
13.25,1.7391878852506901,2.6583117221742443,4.23770561409756
13.26923076923077,1.7825627342277561,2.6620583087582705,4.232526122765793
13.288461538461538,1.785679713024679,2.6678281648003987,4.24233424125787
13.307692307692308,1.8079121806087521,2.667541048822571,4.260626138161956
13.326923076923077,1.8073505843761877,2.6737307917904225,4.351045730866221
13.346153846153847,1.808521623055239,2.671666976551412,4.300583960665424
13.365384615384615,1.826031145688968,2.6786498156246834,4.379172662807874
13.384615384615385,1.8246531313424623,2.6860373809579707,4.481562260432295
13.403846153846153,1.8304072864535068,2.6972227178377004,4.382120769006586
13.423076923076923,1.8525423197633157,2.7045005155014588,4.4887079140382005
13.442307692307692,1.850949168710865,2.7040876919293884,4.493562913267209
13.461538461538462,1.8601049569392603,2.7200695908022565,4.495981387366157
13.48076923076923,1.8639856607556318,2.732298267883543,4.499870551163271
13.5,1.8626435868680655,2.739595830207773,4.518133461961924
13.51923076923077,1.8612774723698737,2.765356864143821,4.5581293674875765
13.538461538461538,1.891429371334713,2.792519754654116,4.571883568504208
13.557692307692308,1.8899227977963506,2.7914812462016947,4.5834319782843425
13.576923076923077,1.9166121422309486,2.7938555432565764,4.607184233303077
13.596153846153847,1.9158018005215813,2.8014484170891016,4.608172683484223
13.615384615384615,1.9429031706081052,2.8128750728607503,4.631786572526244
13.634615384615385,1.9411903721119925,2.8211397172203885,4.640064337368209
13.653846153846153,1.9395734968086178,2.8112267428073547,4.6730982289448395
13.673076923076923,1.9640169302781816,2.8112689111176357,4.647857733418496
13.692307692307692,2.025092529402828,2.8296796312584855,4.6524082706058785
13.711538461538462,2.026218028314913,2.8377298726660563,4.662853683685786
13.73076923076923,2.024448062639331,2.8420402807379026,4.6338776113770646
13.75,2.0227777266747053,2.8373551134829014,4.644172772322713
13.76923076923077,2.0391780017577767,2.851064249323764,4.6507092735137965
13.788461538461538,2.0634398972806696,2.854528546598198,4.681319509487016
13.807692307692308,2.0722417020477755,2.862044814723374,4.750941164394322
13.826923076923077,2.070661979253024,2.900627711872355,4.727489166356637
13.846153846153847,2.08655585186752,2.9072673508981626,4.716122574015869
13.865384615384615,2.083251874909516,2.92379884370134,4.711700521912261
13.884615384615385,2.09046193040187,2.9120401365211404,4.679139288244816
13.903846153846153,2.103982747184291,2.9116759470539497,4.671514335565015
13.923076923076923,2.105439425153713,2.917088602065391,4.718512222751023
13.942307692307692,2.103857213610474,2.9179910225637404,4.6914661704105365
13.961538461538462,2.107776419069397,2.926132656111502,4.731465159391164
13.98076923076923,2.132880802293687,2.933148298167538,4.737330859576359
14.0,2.1235551926837717,2.9457362760545296,4.745168627417422
14.01923076923077,2.130279958704129,2.9480464174904855,4.749679029441402
14.038461538461538,2.1294602994303307,2.969017902083422,4.718230109059211
14.057692307692308,2.1272181460601622,2.973587607210961,4.763645497499577
14.076923076923077,2.126814845780861,2.9720557091912054,4.722811005353674
14.096153846153847,2.1336678154481046,2.9773675451309023,4.708009563281475
14.115384615384615,2.150855716578476,2.980441124715293,4.706847960015995
14.134615384615385,2.1556956963944844,2.9887667578084036,4.71710366086308
14.153846153846153,2.1567583208957597,3.025237534718043,4.741731270068515
14.173076923076923,2.1868845751265718,3.0026932293485773,4.726099587352179
14.192307692307692,2.1801383327427755,2.9914711660131372,4.750896845378427
14.211538461538462,2.1871744511831936,2.999982015429626,4.755339094106539
14.23076923076923,2.1857126414102868,3.034194887291984,4.799546188066112
14.25,2.175664992647594,3.074578698203145,4.754684131518434
14.26923076923077,2.1968433736000477,3.0679921519863145,4.811172709611192
14.288461538461538,2.20946391958155,3.0785316560700338,4.762094017122244
14.307692307692308,2.213168929292611,3.1016160674433912,4.7372955086666195
14.326923076923077,2.2402531630264453,3.089666785252001,4.759227694969049
14.346153846153847,2.238488767500331,3.0768772701443075,4.7205693309431975
14.365384615384615,2.2522599589906704,3.0941009207240224,4.7708357780356785
14.384615384615385,2.258302069322188,3.129558475528749,4.7764194997097436
14.403846153846153,2.2741427593448096,3.1240908016861537,4.760608643799843
14.423076923076923,2.2725496092658677,3.1397883832527604,4.792806549200959
14.442307692307692,2.2883156998680105,3.1654711208768713,4.795038588073315
14.461538461538462,2.285333876488512,3.1602945542277956,4.805248450103105
14.48076923076923,2.30203860629593,3.163554013269562,4.830189424903161
14.5,2.3047534478680567,3.1780062981667134,4.83703510130955
14.51923076923077,2.312936447241273,3.1730703217642953,4.843497202084974
14.538461538461538,2.3150499672743448,3.175664032696644,4.867610806883869
14.557692307692308,2.3318142280876955,3.178865590996653,4.837311028657658
14.576923076923077,2.3118572707029137,3.190671840735744,4.837617267851276
14.596153846153847,2.358017178506194,3.2047068363055002,4.850721161167445
14.615384615384615,2.367063243217592,3.218249414199339,4.873986683980116
14.634615384615385,2.3747068988874585,3.226269275645961,4.880008541792998
14.653846153846153,2.3725486459269063,3.224655970795035,4.9000920036110065
14.673076923076923,2.3843413050141873,3.2328866689149134,4.933997524660947
14.692307692307692,2.378116485896251,3.2337041439535197,4.939064745475062
14.711538461538462,2.381502644252157,3.2242400641181783,4.941827086520415
14.73076923076923,2.389674094911876,3.24385872910178,4.947589726319379
14.75,2.3941958709526614,3.261955250719817,4.952790588261756
14.76923076923077,2.3923085032052063,3.272348452869977,4.929044943266569
14.788461538461538,2.391540537532677,3.276362170255447,4.971583952607829
14.807692307692308,2.3995405475579075,3.2865285435647644,4.974614389357415
14.826923076923077,2.427301119532584,3.2904203356514823,4.98294255259404
14.846153846153847,2.4291664211807804,3.3004300046772004,5.034073050900939
14.865384615384615,2.4328835948317904,3.307811177753731,5.060376152635002
14.884615384615385,2.4318092941826976,3.2980167859855243,5.02017575247623
14.903846153846153,2.4373665901854156,3.3140147146181116,5.052473421785769
14.923076923076923,2.454957009240717,3.318053380134151,5.021618258752187
14.942307692307692,2.449361769605731,3.322686627273662,5.027375163900501
14.961538461538462,2.487804197546169,3.330090849069239,5.027914229806677
14.98076923076923,2.478952549539121,3.3436729234803266,5.043790763201846
15.0,2.4868280196448835,3.363250543561102,5.048654403023195
15.01923076923077,2.4844178189912096,3.384408787321134,5.10303730169771
15.038461538461538,2.4770008375204893,3.3927854069327528,5.058944716114247
15.057692307692308,2.4798479786493095,3.3656645191034387,5.125976137247688
15.076923076923077,2.441444619771764,3.3955859347178166,5.109642935977289
15.096153846153847,2.472203840266476,3.4121169170302252,5.0846914710870275
15.115384615384615,2.4764325927879605,3.4083956768081998,5.140698619085515
15.134615384615385,2.478154754348253,3.40040877386223,5.096317690584931
15.153846153846153,2.4779963998727577,3.4268669351322574,5.093279339249026
15.173076923076923,2.4852209900170745,3.4344987148633863,5.106137337528844
15.192307692307692,2.49241399841957,3.433105398172119,5.163341848617195
15.211538461538462,2.501968716300574,3.4190396466339665,5.168667254042561
15.23076923076923,2.4890801001862326,3.452164399913703,5.151657315405577
15.25,2.5033826037669966,3.4643608208471437,5.164446715734166
15.26923076923077,2.501354547326942,3.473626825019592,5.167418073247057
15.288461538461538,2.500222316390669,3.4771558405352803,5.189291352315697
15.307692307692308,2.5006955288304145,3.4688663571081757,5.144305061784787
15.326923076923077,2.492271351971936,3.482710494090862,5.134000481353619
15.346153846153847,2.4962886129409445,3.486055044938152,5.133602706045058
15.365384615384615,2.4890522049744943,3.4792330408476513,5.162934506499017
15.384615384615385,2.494628212676225,3.4911315251741684,5.150590830982171
15.403846153846153,2.494394702124428,3.50114974676629,5.19720439783634
15.423076923076923,2.4937144666254865,3.508734390516148,5.205449715601549
15.442307692307692,2.505322483567202,3.5130608203690343,5.237836498749199
15.461538461538462,2.5085547263531853,3.517084781655015,5.244729197151194
15.48076923076923,2.4893085867279,3.522552816795434,5.245158926170731
15.5,2.5076971060203372,3.5253752734208232,5.156461884590846
15.51923076923077,2.504347736553708,3.548914948316595,5.152246302853582
15.538461538461538,2.5029875297101754,3.554019044295347,5.164642858596139
15.557692307692308,2.505325746538075,3.5671016873875754,5.186582403845388
15.576923076923077,2.5046003618569843,3.558260472108286,5.197145576664565
15.596153846153847,2.504112918658001,3.577495011775082,5.253916870570737
15.615384615384615,2.510673466653216,3.570482525574425,5.250289078336471
15.634615384615385,2.5021193864661546,3.585159248584757,5.256383551256154
15.653846153846153,2.501632637137726,3.5806167038674905,5.218537904195464
15.673076923076923,2.4999774340403227,3.5812763415991444,5.193883047355911
15.692307692307692,2.5069387527858282,3.598835824987114,5.205745812682032
15.711538461538462,2.500073561773953,3.597879695242759,5.207102699776663
15.73076923076923,2.488719372085461,3.6165772204814775,5.217385550619302
15.75,2.5065166529843905,3.622055838285769,5.215242725195907
15.76923076923077,2.505063146291934,3.6221660066943793,5.250813328823855
15.788461538461538,2.514287774824749,3.6263311882747615,5.294433900668636
15.807692307692308,2.506157445906815,3.642686386615158,5.30047677952677
15.826923076923077,2.514668167453048,3.654867545921152,5.255284256499442
15.846153846153847,2.5169972474539493,3.6555696042988286,5.259908199245242
15.865384615384615,2.5424602145206854,3.657996848796755,5.2596189292246285
15.884615384615385,2.534316249166687,3.6504286405883972,5.26545675801064
15.903846153846153,2.524610589551614,3.6778994963497067,5.26322634909498
15.923076923076923,2.5230874186486125,3.6850668797476662,5.279166459666437
15.942307692307692,2.5370479392869063,3.6908505069988182,5.2992941493640595
15.961538461538462,2.532569420443478,3.6824481080772355,5.347774251804303
15.98076923076923,2.5440413774817743,3.69147062405819,5.3539496929464105
16.0,2.5444456074020128,3.7037839355155144,5.3848827443442735
16.01923076923077,2.531268433360335,3.7348846724289704,5.377093171874385
16.03846153846154,2.530881721208169,3.7321393760370163,5.371262966447945
16.057692307692307,2.537336658200317,3.747291570004477,5.408985316394599
16.076923076923077,2.541108947068265,3.7564504627463617,5.416504401236415
16.096153846153847,2.536196222530925,3.7898567295061083,5.403529796439015
16.115384615384617,2.540118265858505,3.7838033020398956,5.398684974025497
16.134615384615383,2.5365218682429074,3.77788029405212,5.416819705146856
16.153846153846153,2.5439929741006577,3.8002310278619547,5.417728978862775
16.173076923076923,2.5408805303265782,3.809835457305745,5.417938097334973
16.192307692307693,2.5412371685495496,3.8061995570523752,5.4536353944600675
16.21153846153846,2.5576072710801654,3.8339276185924174,5.46452321954419
16.23076923076923,2.5559260344796404,3.854762409595928,5.488542975795015
16.25,2.557438367198227,3.8201742617106174,5.5102949372504195
16.26923076923077,2.5623205559531175,3.875163791420973,5.531506449482917
16.28846153846154,2.573529679988552,3.8848046452524083,5.512901409124712
16.307692307692307,2.5797737040477524,3.872185693789073,5.519998726056015
16.326923076923077,2.5859279799856165,3.8667143755657887,5.55786381387411
16.346153846153847,2.58412845669074,3.8780538178919577,5.5834078709109916
16.365384615384617,2.6067561206377254,3.8690124225139466,5.593042734516459
16.384615384615383,2.6270493286250334,3.864832171143595,5.599556068152606
16.403846153846153,2.6092892544479405,3.898698375298198,5.593033704229563
16.423076923076923,2.6140312213140104,3.912421646899705,5.598881462962857
16.442307692307693,2.61835075878475,3.917383699289385,5.627799310035882
16.46153846153846,2.6139658620055526,3.947396692239759,5.644764040752732
16.48076923076923,2.6333282528275683,3.954309900844209,5.651772085463703
16.5,2.6443791744251413,3.9573064539267166,5.6525125093449216
16.51923076923077,2.6429772026809024,3.9767189895439783,5.679236424788725
16.53846153846154,2.655911765524301,3.982311301205908,5.670927132839598
16.557692307692307,2.6493500524218203,3.996383689689652,5.689573305711
16.576923076923077,2.656617846785617,3.997146235367719,5.6847574769202645
16.596153846153847,2.656214375841051,4.019781792403753,5.699432811183761
16.615384615384617,2.661556735047628,4.059162408619374,5.776905892026279
16.634615384615383,2.6682750285381553,4.067275349162296,5.7984157584720695
16.653846153846153,2.6586683904613992,4.072402681264499,5.809704493392254
16.673076923076923,2.6691013500339613,4.098607785267859,5.8174608149770926
16.692307692307693,2.6639820479215253,4.108885149188756,5.868646595635046
16.71153846153846,2.6709754541408666,4.116458230258483,5.834767928293397
16.73076923076923,2.6651581274936937,4.119365062792694,5.840787829680966
16.75,2.687885185093873,4.111554393794522,5.834617921954449
16.76923076923077,2.695003050976098,4.1298881449922415,5.865604414812614
16.78846153846154,2.687708102370211,4.135814311142578,5.911843489941435
16.807692307692307,2.7010240819293423,4.173428599381786,5.919635200150363
16.826923076923077,2.6898261770205476,4.180017248640138,5.927002236346255
16.846153846153847,2.7049953907386657,4.208385263860486,5.9132068584771975
16.865384615384617,2.706834244794494,4.232539200140086,5.906106122408998
16.884615384615383,2.7050607291057913,4.22471573972826,5.915843031947296
16.903846153846153,2.7034074999750395,4.237227941366378,5.896496074861306
16.923076923076923,2.7644180447457933,4.236241386211467,5.956925900624648
16.942307692307693,2.772795127233434,4.250312818116802,5.94196148452653
16.96153846153846,2.783413479848539,4.323603023950081,5.968425583840085
16.98076923076923,2.8145237767812468,4.322839209510304,5.968928841195509
17.0,2.8352157002721086,4.342352958914715,5.929060388212668
17.01923076923077,2.8842294177351544,4.359819344607649,5.97599848034075
17.03846153846154,2.93392707481266,4.3765327410232295,6.001116557090198
17.057692307692307,2.9321335521542564,4.366427026545901,5.997034874174822
17.076923076923077,2.936874420055929,4.402644210534961,5.995942312426865
17.096153846153847,2.942614884039744,4.4710157112774995,6.009759441536184
17.115384615384617,2.9407253479808686,4.464005381613919,6.0247538200614486
17.134615384615383,2.9389658432050862,4.418216696524782,6.0303644813739
17.153846153846153,2.9587126088780216,4.473585875451404,6.020637846009139
17.173076923076923,2.9579288028755037,4.510231771490531,6.046702469758608
17.192307692307693,2.9565020879313066,4.516125161508123,6.076850058028073
17.21153846153846,3.0045054880182924,4.515462017267861,6.060980212370523
17.23076923076923,3.0510675213103364,4.528151134101034,6.1008421387821254
17.25,3.0494225823440737,4.5835832577637685,6.105618142750107
17.26923076923077,3.0792113673984707,4.588194698157837,6.115270970969715
17.28846153846154,3.063355042608487,4.578384207515914,6.134841703314729
17.307692307692307,3.089065006870518,4.640725726590404,6.139109727504298
17.326923076923077,3.092943160125737,4.615206942218174,6.153254533642441
17.346153846153847,3.101431910840572,4.6254181460546455,6.160869481927545
17.365384615384617,3.135126242352796,4.707930864117919,6.172843196832464
17.384615384615383,3.097661965698718,4.770638406850052,6.206491596536722
17.403846153846153,3.144593596427326,4.804488294124295,6.221442391407656
17.423076923076923,3.1430040528051193,4.7700798522488,6.233953019501198
17.442307692307693,3.141997498123584,4.711106428145426,6.233604294003541
17.46153846153846,3.164419152912264,4.736861811787886,6.266777164143532
17.48076923076923,3.1751904047043285,4.8301612805800715,6.3043653201277206
17.5,3.1801421766565077,4.833458411473026,6.245458439691476
17.51923076923077,3.1785291164979896,4.838456293243874,6.318302966167809
17.53846153846154,3.156703203409896,4.9043875967982435,6.323990777378004
17.557692307692307,3.20450581352026,4.947584281841574,6.329893374242295
17.576923076923077,3.202906083690722,4.9746438204478824,6.303498805556858
17.596153846153847,3.2077172401233858,5.027791562556137,6.320869190556507
17.615384615384617,3.2055142936966243,5.026310676932441,6.3647743907363115
17.634615384615383,3.1983289414280036,5.024681655878674,6.397874557250952
17.653846153846153,3.21995669121743,5.054920598620523,6.432477033662096
17.673076923076923,3.2198262612268564,5.035644931873933,6.455212894778004
17.692307692307693,3.2184647788280003,5.077838026320829,6.470118507595567
17.71153846153846,3.260331615980653,5.036278521988217,6.463094124133647
17.73076923076923,3.2813836130395675,5.05175379270987,6.487852652425308
17.75,3.3337550678223815,5.070344975213953,6.479923010956044
17.76923076923077,3.33998620503786,5.128479538279651,6.522834356293451
17.78846153846154,3.3586168342793288,5.145549345827567,6.528835216584011
17.807692307692307,3.38327299326905,5.072508434378165,6.506204667730218
17.826923076923077,3.3818301726161963,5.056101987454731,6.54114978154014
17.846153846153847,3.4072215630636093,5.159698451551825,6.546435307651959
17.865384615384617,3.4192461319691922,5.164860422034861,6.6080800752692
17.884615384615383,3.422560522528581,5.160218927956094,6.641373361549913
17.903846153846153,3.425202172773283,5.135276694969383,6.657814287436839
17.923076923076923,3.4335994437685096,5.184877296494875,6.628439369962679
17.942307692307693,3.43222590539785,5.2012147381005995,6.641593063771582
17.96153846153846,3.4496322595632085,5.217499230516072,6.61320863419576
17.98076923076923,3.42919100247662,5.229538036594935,6.678622023970948
18.0,3.456710330269209,5.280117342318798,6.703052273420738
18.01923076923077,3.4539019510814293,5.276207980961558,6.713743015878938
18.03846153846154,3.4663133632655927,5.275234958211877,6.705790812714746
18.057692307692307,3.471128463349734,5.313736702553733,6.7127268191204665
