start,end,multiple,xirr,max_dd
2000-09-21,2010-09-21,1.1351085009864563,0.019981144545609522,-0.4889693933919895
2012-08-06,2022-08-05,3.2658506954661637,0.18158991203091554,-0.28735852338002976
2010-07-15,2020-07-15,3.8073656011723553,0.2039353461474539,-0.17486125439333977
2006-10-17,2016-10-17,2.3828360827653676,0.1333656844729984,-0.3924046145694994
2006-09-11,2016-09-09,2.3979559510101587,0.13471942563850686,-0.39657267092258774
2014-01-28,2024-01-26,3.361928738039413,0.18446713902181305,-0.3147610141511791
2000-08-30,2010-08-30,0.9935559419135365,-0.0010231995322409373,-0.5409462929627658
2011-04-08,2021-04-08,4.14438599082504,0.2172672826839176,-0.1741307726839615
2002-09-06,2012-09-06,2.13962777241697,0.11764092164058651,-0.45651316941264897
2000-10-20,2010-10-20,1.1954661969741769,0.028089683212599123,-0.4849537578942307
2008-04-25,2018-04-25,2.8646392663558604,0.16060476983873073,-0.35848520348787427
2016-02-05,2026-02-05,3.6865530356787866,0.19976591518282139,-0.30600269667175506
2011-12-07,2021-12-07,4.584981620156842,0.2326040262664941,-0.1737375314397941
2012-05-17,2022-05-17,3.2798393166657447,0.18143629022266633,-0.20078646074991735
2011-08-15,2021-08-13,4.501161511455807,0.22931011849120964,-0.17403941074127793
2012-10-19,2022-10-19,2.7121280719555996,0.15274639479734825,-0.3032995242650959
2008-02-01,2018-02-01,3.101920266339321,0.17399876636432624,-0.36583957201314876
2001-05-24,2011-05-24,1.4488959777106323,0.057745721964356574,-0.44948764192901636
2013-09-27,2023-09-27,3.003013990457104,0.16751769943743078,-0.31642574493488207
2006-12-28,2016-12-28,2.405589191432411,0.13422071597576207,-0.38900861033056955
2007-11-09,2017-11-09,2.7967288487836846,0.15790664500717613,-0.3642883016746724
2005-08-12,2015-08-12,2.4507052504779048,0.13790511998309124,-0.4087308534005062
2002-05-10,2012-05-10,1.8436844334232856,0.09492225358416362,-0.45325799710185954
2015-04-02,2025-04-02,3.0930419731373338,0.17356152241226874,-0.30838041201672783
2012-09-24,2022-09-23,2.7153171369508358,0.15267389314226354,-0.2870817304502161
2010-05-07,2020-05-07,3.3008428682443665,0.18303329626610076,-0.1749493713136956
2006-03-02,2016-03-02,2.2329862976482926,0.12433939385938975,-0.3996235840162461
2013-06-13,2023-06-13,3.2638905783142143,0.1809625128526713,-0.31783431019756514
2008-08-22,2018-08-22,3.188618486541214,0.17683849614314395,-0.35665720129585754
2006-11-14,2016-11-14,2.2923734060974477,0.12767129080570105,-0.38932650170904304
2006-12-28,2016-12-28,2.405589191432411,0.13422071597576207,-0.38900861033056955
2003-02-19,2013-02-19,1.987217293852733,0.10587241108899968,-0.451532188350691
2000-10-09,2010-10-08,1.1686268701061955,0.024670792556285296,-0.4725892883878432
2008-10-20,2018-10-19,3.447999084828379,0.1887693321280804,-0.15538541575322595
2014-07-30,2024-07-30,3.288626062944105,0.180892947689631,-0.31194426834112443
2000-04-13,2010-04-13,1.1226677562193317,0.01832135555363709,-0.5736975439592437
2014-01-24,2024-01-24,3.363816386546088,0.18469008303744414,-0.31466303372515547
2013-07-16,2023-07-14,3.3262790611803053,0.18375841133479312,-0.31729744502507584
2003-12-26,2013-12-26,2.1776685126564073,0.11939279988104905,-0.43436051372882734
2010-02-22,2020-02-21,3.5208346862885893,0.1917166663827712,-0.1592781148093435
2002-01-22,2012-01-20,1.6219134496509042,0.07506809599337669,-0.4505658112214884
2012-04-27,2022-04-27,3.298811286481678,0.18159859383652685,-0.1731625308251148
2011-04-29,2021-04-29,4.147284365251343,0.21567751666408105,-0.17406597089702502
2005-05-03,2015-05-01,2.5371735711103094,0.14376171975684443,-0.41824321345587545
2000-05-10,2010-05-10,1.104861670832981,0.015826158022688445,-0.583611467670889
2016-01-06,2026-01-06,3.720258142093969,0.20108811699725104,-0.30483726995563776
2006-11-29,2016-11-29,2.3761703558278655,0.13231183296083965,-0.3891825575346355
2014-09-02,2024-08-30,3.342755040036174,0.18478617320588547,-0.3110705015489015
2010-12-08,2020-12-08,4.012815580193951,0.21236339786426867,-0.17438852677840622
2012-09-04,2022-09-02,2.935975419387691,0.16570280773318202,-0.2871742142219247
2012-05-09,2022-05-09,3.126243084107484,0.17476368950506316,-0.20068804659801065
2002-07-26,2012-07-26,1.980615714366112,0.10513235222143165,-0.45774543117136635
2005-06-30,2015-06-30,2.449642110684658,0.13689093308558914,-0.4148902218174835
2007-04-13,2017-04-13,2.53645366651988,0.14300172224820484,-0.3822598363916073
2007-10-25,2017-10-25,2.647935963759865,0.14877786176577473,-0.36154936913311175
1999-12-09,2009-12-09,1.0025892873923266,0.00041269948771557673,-0.5956916450338693
2008-08-29,2018-08-29,3.3215029494704713,0.18247712155750895,-0.3476497080804134
2001-11-12,2011-11-11,1.5636975645432427,0.06974679649017702,-0.45109368530117533
2012-01-26,2022-01-26,3.8453728996236665,0.2045408546457086,-0.17356341782641382
2011-01-10,2021-01-08,4.0643374571680795,0.2142629332290122,-0.17428441444425036
2015-03-09,2025-03-07,3.1866582030440043,0.17774510207999947,-0.3084123267379706
2012-02-03,2022-02-03,3.8633951803682423,0.20699194980207286,-0.17344672319092624
2005-07-19,2015-07-17,2.5323476761246075,0.14258658955206255,-0.41012375864095385
2015-12-15,2025-12-15,3.6186474902137906,0.19626984600501063,-0.30469712546459826
2006-04-25,2016-04-25,2.2912176903185895,0.1270804337741902,-0.39861918855082656
2004-11-02,2014-10-31,2.39412191983278,0.13443307991524706,-0.4228671089724626
2014-11-17,2024-11-15,3.3796630665546954,0.18597037434050395,-0.3101699691970595
2005-08-10,2015-08-10,2.4759950094412133,0.139559897595676,-0.40887592662828287
2000-07-03,2010-07-02,0.9693261349934084,-0.005000017781954805,-0.5517008295633257
2007-05-02,2017-05-02,2.6262447089474428,0.14888177079454296,-0.37871475358588946
2012-12-21,2022-12-21,2.705525515318793,0.1522588283106347,-0.30304337791655533
2002-06-24,2012-06-22,1.886436627009078,0.09792559049372543,-0.45512286824928483
2007-03-21,2017-03-21,2.5433776826536683,0.14299018558605125,-0.3838705226697334
2001-06-06,2011-06-06,1.4448391738316773,0.05773071285707902,-0.4498229892356598
2011-02-01,2021-02-01,4.047357298438186,0.21416625190848598,-0.1742146373911988
2007-06-11,2017-06-09,2.65380387448178,0.150034416901265,-0.3767918840815977
2004-11-30,2014-11-28,2.4543766653806522,0.13725170284495383,-0.420638004584341
2003-02-14,2013-02-14,1.9964125326137103,0.10677937172010733,-0.45213147618279204
2008-12-19,2018-12-19,3.163418098849443,0.17583721274721725,-0.12244792562690066
2010-10-18,2020-10-16,3.8995318473338014,0.2074263083042835,-0.17455390727076736
2015-06-26,2025-06-26,3.4414220138209966,0.18795700839340382,-0.30723103454107814
2006-10-05,2016-10-05,2.432508437288589,0.1371040326649951,-0.39291732590360484
2001-12-20,2011-12-20,1.5050646077965584,0.06365590669655406,-0.45033462345266895
2013-08-15,2023-08-15,3.1862124177791418,0.17720144519025427,-0.31707441671351966
2010-02-09,2020-02-07,3.559244355518191,0.19436540501186916,-0.15938038177868752
2011-04-28,2021-04-28,4.131046654599491,0.215169480935544,-0.1740644837794194
2000-11-09,2010-11-09,1.2732993262958225,0.038063792028274354,-0.4468776664182319
2004-08-10,2014-08-08,2.346842930529796,0.1315746261335891,-0.4304633236185199
2012-06-28,2022-06-28,3.001667817474366,0.16740644059231707,-0.23054416777589126
2013-08-13,2023-08-11,3.156805291331702,0.17607509657999237,-0.31689327440788617
2006-09-25,2016-09-23,2.4551099757729835,0.13752721899856596,-0.394906504959216
2013-02-21,2023-02-21,2.83871377397763,0.1594236404599814,-0.3193645024143976
2013-10-10,2023-10-10,3.100184049344124,0.17341233153097552,-0.3162621450176989
2005-11-25,2015-11-25,2.446930138622014,0.13696094820931182,-0.4026546213652821
2014-10-02,2024-10-02,3.3816146942449317,0.18699701145745456,-0.31109176124956417
2004-03-10,2014-03-10,2.2412433745237847,0.1245455501042242,-0.43261190683409634
2003-05-06,2013-05-06,1.980921250128331,0.10599801664332201,-0.4460838184688468
2011-01-06,2021-01-06,3.922379574113888,0.20905593596446093,-0.1742891998526207
2010-03-24,2020-03-24,2.7108736082341216,0.15237509975066466,-0.15901091047767946
2001-08-07,2011-08-05,1.4275281135039297,0.05588978668075615,-0.4508107973553084
2013-08-15,2023-08-15,3.1862124177791418,0.17720144519025427,-0.31707441671351966
2002-08-27,2012-08-27,2.0683254529503587,0.111599873127328,-0.4556574502075005
2013-02-21,2023-02-21,2.83871377397763,0.1594236404599814,-0.3193645024143976
1999-04-26,2009-04-24,0.7949898704177174,-0.03694321898024206,-0.6432835910274812
2012-12-31,2022-12-30,2.6358095192284834,0.1478323963193929,-0.30304937333625603
2012-10-25,2022-10-25,2.859361857998737,0.16031418921376384,-0.3033420480286372
2012-09-14,2022-09-14,2.908245170865516,0.16351937040293912,-0.2870698809663629
2010-09-17,2020-09-17,3.788049734110532,0.20296932628220615,-0.17469980756611825
2007-05-14,2017-05-12,2.647884325357229,0.1495449618432348,-0.37866491255692847
2011-05-27,2021-05-27,4.0707777846433455,0.21306586250756743,-0.17407351187761577
2003-12-29,2013-12-27,2.161404731106606,0.11822011647535026,-0.4338314801056723
2012-09-18,2022-09-16,2.8408454443175537,0.15987275825082647,-0.2870654700258457
2008-10-24,2018-10-24,3.470306271795421,0.18938091996516543,-0.15800418198326582
2007-02-23,2017-02-23,2.5417341890918883,0.1427005882787173,-0.3842459943503197
2007-12-13,2017-12-13,2.798415659938649,0.15777203096517242,-0.36005536377385705
2009-01-16,2019-01-16,3.326468015546166,0.18356238444008932,-0.1610878716579599
1999-10-28,2009-10-28,0.97067051843996,-0.004721024251073754,-0.6210548476042117
2001-08-07,2011-08-05,1.4275281135039297,0.05588978668075615,-0.4508107973553084
2003-06-12,2013-06-12,1.9106257452203517,0.10025478535213811,-0.443498623750186
2001-03-01,2011-03-01,1.4658695947626368,0.06009573746741345,-0.4505700575870776
2006-10-20,2016-10-20,2.4009905423948816,0.1343517807892496,-0.3924046145694994
2010-10-08,2020-10-08,3.8517261593605348,0.20618863407987092,-0.17460324958370155
2010-07-14,2020-07-14,3.801046916994808,0.20376186761375709,-0.1748626005354087
2007-05-10,2017-05-10,2.648927940154309,0.14971925415083187,-0.3790017318668547
2014-01-03,2024-01-03,3.148054783175299,0.1761583869319498,-0.3146739907595125
2008-12-24,2018-12-24,2.979509685416592,0.16653484268502636,-0.12283669023473165
2000-07-20,2010-07-20,1.0266161127421778,0.004168208437716407,-0.5430871954009107
2012-06-11,2022-06-10,3.0631086890590877,0.17160439655212176,-0.23056892958838437
2009-02-25,2019-02-25,3.569476722795875,0.19347563847826466,-0.16109788302843664
2010-03-11,2020-03-11,2.8928667313579917,0.16291301048441215,-0.159052925288371
2008-12-26,2018-12-26,3.166054247025772,0.1754972646529406,-0.12284212288464313
2008-10-13,2018-10-12,3.392675248645439,0.18683430425807962,-0.18901545123419228
2000-09-29,2010-09-29,1.1443658745012117,0.0211808277131752,-0.48696963536463356
2008-11-17,2018-11-16,3.550863664832745,0.19337595091536045,-0.12367329791815151
2012-12-18,2022-12-16,2.6895944794867757,0.1516628665491393,-0.3029600715508921
2004-06-17,2014-06-17,2.2356174863789837,0.12380666573743226,-0.42875864277814757
2009-08-20,2019-08-20,3.1451837169166894,0.1749224868040702,-0.1599715555237895
1999-09-20,2009-09-18,0.9935565996355415,-0.0010280632023917176,-0.6232389656998809
2005-03-18,2015-03-18,2.505359514543361,0.1409291598060974,-0.4190040990973156
2006-10-03,2016-10-03,2.451075756037359,0.1383596455206994,-0.3941526818718557
2016-03-22,2026-03-20,3.408737093003134,0.18701920098240812,-0.30401184408151527
2002-11-27,2012-11-27,1.8419518197811464,0.09410934414477119,-0.4507517688249103
2003-12-24,2013-12-24,2.1695418836793645,0.11892337410350844,-0.43431533238231834
2006-04-10,2016-04-08,2.2849745582535492,0.12750944323016594,-0.3982956629089782
2016-05-24,2026-05-22,4.12783494608279,0.21560319426217564,-0.3031470425720415
2013-12-23,2023-12-22,3.2396444328808593,0.1792144517522363,-0.3148192879923999
1999-10-13,2009-10-13,1.0049229449376034,0.0007822958106449507,-0.623976851617852
2003-04-01,2013-04-01,1.9650452248546337,0.10497139510314565,-0.44988077481886013
2013-06-07,2023-06-07,3.12267072567717,0.174709353049802,-0.31776215593145984
2000-03-10,2010-03-10,1.0369278730935036,0.0057761992282833255,-0.5396115778445505
2014-01-08,2024-01-08,3.1904114332228253,0.17783672080386412,-0.31460088866312963
2004-01-27,2014-01-27,2.089567338609858,0.11312285962056363,-0.43186619040871244
2015-02-04,2025-02-04,3.487208972146634,0.191440025755139,-0.309268245661969
2004-04-13,2014-04-11,2.0496246528540136,0.11096502145808634,-0.4303429040881561
2006-09-19,2016-09-19,2.437431342935163,0.13665332935962904,-0.3956362438992215
2010-08-30,2020-08-28,4.31519661257742,0.221688209801157,-0.17489438725469675
2001-05-14,2011-05-13,1.531158252373407,0.06649311003165227,-0.45099996185909086
2008-11-03,2018-11-02,3.362761230397837,0.18618154623158178,-0.15507372306277067
2007-12-10,2017-12-08,2.7586050279321186,0.155915761841389,-0.3584231892231925
2012-10-08,2022-10-07,2.653385858705124,0.15014899167343493,-0.3030870587074176
2016-06-15,2026-06-15,4.254206800331642,0.22068554839094862,-0.30285196199594533
2010-09-14,2020-09-14,3.8780878869515942,0.2067323663774101,-0.17472151919181322
2006-04-12,2016-04-12,2.301322862672565,0.1283866282972443,-0.3985692647070799
2006-03-27,2016-03-24,2.275935960768246,0.12614147589787128,-0.39990885607984805
2006-06-08,2016-06-08,2.362339637965453,0.13253477646624873,-0.3999799454244688
2013-04-19,2023-04-19,2.995948122810937,0.16770407504990964,-0.3187730854521873
2004-10-05,2014-10-03,2.3374052503076084,0.13121644336427488,-0.4248251957235226
2002-02-01,2012-02-01,1.643178267158568,0.07763326179767335,-0.44979246688111685
2004-12-27,2014-12-26,2.4135880418133238,0.13485843803830272,-0.41862463499398817
1999-07-30,2009-07-30,0.9415136992824479,-0.009569533861219998,-0.6353948753433021
2001-01-05,2011-01-05,1.3964848821468474,0.052472567093669945,-0.44924890842681076
2000-09-26,2010-09-24,1.151821051111102,0.022240206969282396,-0.48850638071237007
2012-07-23,2022-07-22,3.144542511505111,0.17477436537286775,-0.2875789847072977
2011-09-14,2021-09-14,4.503585251541787,0.22927965810435924,-0.1739560865026798
2011-04-06,2021-04-06,4.082837281772288,0.21516943909734906,-0.17412116468583094
2007-03-14,2017-03-14,2.5949783317545574,0.14639768390547686,-0.385606191888073
2011-08-11,2021-08-11,4.514292490340191,0.22992102541717468,-0.1740847434848234
2001-12-26,2011-12-23,1.5003571209775892,0.06309916453618442,-0.4499436822959112
2014-10-17,2024-10-17,3.5099512888159654,0.1915331701324918,-0.3115935335734391
2007-11-14,2017-11-14,2.7882686318641885,0.15714964182573288,-0.36415131695470226
2015-06-12,2025-06-12,3.368018528339426,0.18570702312727594,-0.307324409293955
2001-10-30,2011-10-28,1.654576042689467,0.07787044728174516,-0.45372950026141656
2007-10-23,2017-10-23,2.6372213255357346,0.1482838815197955,-0.35993228457231896
2011-04-04,2021-04-01,4.0054241870218625,0.21267686054536242,-0.1741208555212841
2007-10-11,2017-10-11,2.664687755262362,0.15052760062084466,-0.3621102877305481
2006-12-01,2016-12-01,2.3019484109843105,0.12896391833863668,-0.3884856479856832
2002-01-29,2012-01-27,1.632425931705116,0.07583924050471169,-0.45029592814627295
2005-10-17,2015-10-16,2.39995035231684,0.1345379455550338,-0.4074763299102975
2003-05-01,2013-05-01,1.94806932538678,0.10366299046393906,-0.44697762225576176
2004-06-02,2014-06-02,2.2053054403532926,0.12246411887018743,-0.42872761145950644
2011-01-13,2021-01-13,4.012214670891024,0.21191825850359436,-0.17426956199850607
2010-02-11,2020-02-11,3.583366542654087,0.1950893756928813,-0.15934476018376942
2009-09-17,2019-09-17,3.127118669171672,0.17423406234167468,-0.15974812673971006
2005-06-17,2015-06-17,2.466857505239266,0.13863132824720087,-0.4133466302484363
2015-10-27,2025-10-27,3.7728761077304513,0.2016431931681022,-0.3053033646658494
2000-09-12,2010-09-10,1.0754129676286888,0.011551556428132789,-0.49531762840674665
2005-02-16,2015-02-13,2.4637355770664726,0.13859631153385965,-0.41827437261453526
2001-03-22,2011-03-22,1.472895571851919,0.06031434945409797,-0.4523881387279457
2005-01-25,2015-01-23,2.4410509910302483,0.1366940770603067,-0.42097197438517175
2015-11-09,2025-11-07,3.6266692247202066,0.19717646945448217,-0.3048878433491593
2005-07-15,2015-07-15,2.4665805727870085,0.13873607693612705,-0.410533200318568
2014-12-08,2024-12-06,3.5326013080787453,0.1932930912907211,-0.3096988435891814
2007-10-09,2017-10-09,2.6441963291758026,0.1494803058551348,-0.3610759044241515
2011-04-26,2021-04-26,4.17167425615625,0.21679811384811776,-0.17407373182094754
2007-02-14,2017-02-14,2.5245224313538817,0.14217291504506901,-0.3849924309845746
2003-10-17,2013-10-17,2.0403806184409277,0.1099880601795516,-0.4370058016846068
2012-06-06,2022-06-06,3.2422012280416426,0.18043059304724074,-0.23053599512497147
2015-12-24,2025-12-24,3.694345742373779,0.19871098236041396,-0.3046133999502748
2003-10-03,2013-10-03,1.9944878023628225,0.10713991805730835,-0.4373833698154378
2012-09-05,2022-09-02,2.9372255059765395,0.16576705967556749,-0.2871777725572814
2003-09-19,2013-09-19,2.0108115079607494,0.10768552329936824,-0.43780960663561674
2011-08-11,2021-08-11,4.514292490340191,0.22992102541717468,-0.1740847434848234
2012-11-09,2022-11-09,2.6586979999975466,0.15031465350774448,-0.3033588683482167
2006-12-21,2016-12-21,2.412557294009276,0.13501774992609805,-0.3887289168557462
2011-12-14,2021-12-14,4.550297694322324,0.23085249511697722,-0.17381967014621436
2003-11-26,2013-11-26,2.112887557713109,0.11483983856874995,-0.43560660999847955
2000-07-20,2010-07-20,1.0266161127421778,0.004168208437716407,-0.5430871954009107
2000-11-03,2010-11-03,1.2466393396320674,0.03485393742668914,-0.4805808266979351
2006-12-06,2016-12-06,2.3199516627699506,0.12989037361772876,-0.3878465612557911
2014-10-30,2024-10-30,3.44330345314894,0.1877348857549797,-0.3107701436752801
2001-05-22,2011-05-20,1.4736078578728167,0.0604355493024326,-0.44921590134839495
2007-02-05,2017-02-03,2.477095446570831,0.13991293114065537,-0.3855389808745048
2011-05-20,2021-05-20,4.011756465955428,0.21142708017113307,-0.17406287393811948
2002-09-12,2012-09-12,2.11334317396232,0.11549686480143856,-0.45655210220370346
2011-09-09,2021-09-09,4.633180123067928,0.233997096570765,-0.1740353304720229
2004-06-30,2014-06-30,2.2515635059659758,0.12424959349630801,-0.42738614448518575
2013-03-18,2023-03-17,2.8854435888694394,0.1622089475960561,-0.31893557805860817
2009-03-25,2019-03-25,3.521709960305348,0.19155937434338322,-0.16089049986720705
2008-09-02,2018-08-31,3.3266966801395212,0.1840422268827105,-0.34691903293392723
2002-04-05,2012-04-05,1.8670499878925675,0.09701789761417186,-0.4508088288698626
2007-03-22,2017-03-22,2.56359070804781,0.14412304290186978,-0.38405970573257964
2014-01-14,2024-01-12,3.2216779821937127,0.17903386702814414,-0.31456403931118593
1999-07-12,2009-07-10,0.822916702609862,-0.03150943166246495,-0.63188494399835
2012-05-01,2022-04-29,3.2576857739663243,0.1810016230662257,-0.17311987380655247
2007-09-25,2017-09-25,2.606721752674408,0.14641244259385033,-0.3661583748141287
2011-08-26,2021-08-26,4.589727620849908,0.231134812208234,-0.1740836496227106
2010-09-08,2020-09-08,3.846351091743662,0.2059587142855589,-0.17476236112872123
2006-09-05,2016-09-02,2.446961072820984,0.13814463552047482,-0.3960581712225877
2004-07-19,2014-07-18,2.3571327318703057,0.13174178102220985,-0.42978882131580964
2010-01-25,2020-01-24,3.448029844976838,0.18839436966648282,-0.1593727030790686
2001-08-09,2011-08-09,1.4194917105935807,0.05492632267201927,-0.45141262623142664
2009-04-24,2019-04-24,3.544982886531429,0.1925951491592075,-0.16060234272168283
2000-10-25,2010-10-25,1.2290055969339446,0.03233034905891212,-0.482291004479104
2010-06-15,2020-06-15,3.481207721436887,0.1904513341302198,-0.17487062349991633
2010-02-02,2020-01-31,3.399153624035659,0.18726297055481955,-0.15934602357393202
2000-08-22,2010-08-20,1.0276288645615235,0.004323632729843869,-0.546924024097158
2012-04-25,2022-04-25,3.448657447831678,0.18838859676591885,-0.17318888612321515
2006-05-24,2016-05-24,2.324742159378285,0.12932524548540228,-0.4004099218993211
2012-10-25,2022-10-25,2.859361857998737,0.16031418921376384,-0.3033420480286372
1999-11-24,2009-11-24,1.0014702776320472,0.0002329304383503543,-0.6006579256526159
2002-04-22,2012-04-20,1.8226716887045764,0.09279848371257021,-0.4512446378542081
2007-10-02,2017-10-02,2.6300927200732964,0.1490758003406241,-0.3630484472278511
2002-06-17,2012-06-15,1.8256554182542362,0.0932285525442555,-0.45345849034191854
2004-11-26,2014-11-26,2.4413207745298027,0.13655763287239486,-0.42053805811332157
2010-08-20,2020-08-20,4.076454251945678,0.21378878722870429,-0.17484786916894446
2001-09-06,2011-09-06,1.4922465117724184,0.06269767572360055,-0.4539524802602539
2010-12-07,2020-12-07,4.005221901097896,0.2121570694395553,-0.17439465761171935
2000-12-19,2010-12-17,1.3556114669918642,0.04763978112404303,-0.4490469199729077
2002-03-26,2012-03-26,1.8612497635195613,0.09575755672230231,-0.4504359808142179
2009-05-18,2019-05-17,3.3651131748496432,0.18529849006623444,-0.1605084143529344
2012-12-10,2022-12-09,2.7920452877999944,0.1577018029738762,-0.3030812413684305
2002-02-26,2012-02-24,1.7641865717429976,0.08770381975540315,-0.4514008034135403
2004-05-21,2014-05-21,2.18487313219025,0.12017477524258861,-0.4310686828415382
2015-03-24,2025-03-24,3.1787606594504805,0.17623311115860385,-0.3083597007601172
2016-05-05,2026-05-05,3.9774039708418627,0.21136600634086988,-0.3036980535813377
2009-04-06,2019-04-05,3.518643058387745,0.19285227316429876,-0.16070188784092732
2006-12-06,2016-12-06,2.3199516627699506,0.12989037361772876,-0.3878465612557911
2005-03-16,2015-03-16,2.4746247949646207,0.1391805321142588,-0.41885941962118356
2009-10-20,2019-10-18,3.0675739069613845,0.171299499756227,-0.1596338815780176
2009-06-08,2019-06-07,3.201911630231902,0.17848529122422324,-0.16028945184447085
2004-04-20,2014-04-17,2.1177910906434017,0.11564441835567824,-0.43128169953431383
1999-07-30,2009-07-30,0.9415136992824479,-0.009569533861219998,-0.6353948753433021
2001-10-24,2011-10-24,1.6156041743076799,0.0743684457240148,-0.45273395137993344
2015-10-20,2025-10-20,3.740647696927024,0.20088376724803952,-0.3059445368139184
2006-06-08,2016-06-08,2.362339637965453,0.13253477646624873,-0.3999799454244688
2007-07-20,2017-07-20,2.6704801532940095,0.1503585435299794,-0.3710206670455092
2007-04-17,2017-04-17,2.548172462672885,0.14347455450718263,-0.3816376299477413
2012-10-01,2022-09-30,2.6436758247930348,0.14941500157510057,-0.2870599953065538
2000-04-20,2010-04-20,1.1337304272689313,0.019804379592689176,-0.5748174344974559
2000-08-10,2010-08-10,1.0758121601917738,0.011612361263913656,-0.5570190316769754
2003-12-19,2013-12-19,2.13268685626621,0.11657294225938993,-0.4347277298654385
2007-08-16,2017-08-16,2.7398554693216846,0.15442300207838938,-0.3756756023394955
2010-10-26,2020-10-26,3.769245813308297,0.2015605105654476,-0.1745312699876722
2007-09-12,2017-09-12,2.698614325674091,0.152357740671413,-0.36919884062996466
2006-10-31,2016-10-31,2.3757392151765924,0.13220079325602738,-0.39181449643837607
2015-06-11,2025-06-11,3.3490802618329627,0.1849287754418572,-0.3072155221626679
2001-12-24,2011-12-23,1.503903055062261,0.06346028213181877,-0.4501029809053363
2009-02-05,2019-02-05,3.4089929898124876,0.18799867013158517,-0.16094952333664614
2008-08-04,2018-08-03,3.2448188724466176,0.18075288358246044,-0.3498234496450733
2007-05-25,2017-05-25,2.6933449599931776,0.15135198668127947,-0.37867738341830715
2013-03-11,2023-03-10,2.7189020438324705,0.15369029393756273,-0.31888365955297016
2003-10-24,2013-10-24,2.0852541556459565,0.11296358669971451,-0.437374317418188
2015-09-21,2025-09-19,3.7307610760489855,0.20054246758598254,-0.3066452455709132
2004-12-08,2014-12-08,2.3981358243674293,0.13483001544766499,-0.4188031710206497
2008-08-20,2018-08-20,3.1737069878403945,0.17626916231681244,-0.3518378007905053
2008-03-20,2018-03-20,3.1397413615672853,0.17468708472557964,-0.36827828570889787
2013-11-29,2023-11-29,3.139080096715436,0.1740104658222777,-0.31525487536545016
2006-10-17,2016-10-17,2.3828360827653676,0.1333656844729984,-0.3924046145694994
2004-02-17,2014-02-14,2.1803153106287687,0.12010176683712424,-0.43130120019781903
1999-07-23,2009-07-23,0.9340981666934174,-0.010863879596380821,-0.6345671182846129
2005-06-29,2015-06-29,2.434687747208819,0.13602626107528648,-0.4144761765867486
2013-07-08,2023-07-07,3.264337519272725,0.1814127457834772,-0.31761137366234227
1999-05-11,2009-05-11,0.8192169060950163,-0.03223510495142041,-0.6448508270000775
2014-09-22,2024-09-20,3.382029893444102,0.18573038826849064,-0.3111573217817303
2008-08-06,2018-08-06,3.209814181582646,0.17891225245945272,-0.34699445831274434
2001-08-09,2011-08-09,1.4194917105935807,0.05492632267201927,-0.45141262623142664
2004-06-07,2014-06-06,2.2320649422055294,0.12409794146469057,-0.4280817080168622
2008-10-15,2018-10-15,3.55596555006024,0.1936888208986971,-0.15722915623366773
2004-08-31,2014-08-29,2.4477919071883694,0.13682001633475988,-0.429515123507193
2001-01-23,2011-01-21,1.352230559158338,0.04716835008193732,-0.4471532562610532
2010-09-24,2020-09-24,3.6665585188228427,0.19755213511189096,-0.17464561779790977
2010-11-02,2020-11-02,3.5781686112256437,0.1955017141538447,-0.17446866158768326
2001-03-28,2011-03-28,1.530252069523984,0.06600186836164632,-0.4534745516420243
2004-01-26,2014-01-24,2.0961654132068532,0.1137299896439999,-0.43112730691247436
2003-06-03,2013-06-03,1.9684700439113318,0.10515021328899193,-0.4442312996549773
2010-08-13,2020-08-13,3.975627916517438,0.2105753597933373,-0.1748548727765259
2011-11-02,2021-11-02,4.529930916276867,0.23118581925057424,-0.1737941076547147
2011-10-13,2021-10-13,4.2234320995639605,0.21969597408216093,-0.1738369767326271
2015-06-17,2025-06-17,3.33482206463505,0.18386970410466016,-0.3072819508391039
2012-07-03,2022-07-01,2.9102900650050474,0.16448245687749105,-0.2875043276360786
2004-09-30,2014-09-30,2.3903886804319767,0.13319515880346627,-0.42723305357323826
2001-01-17,2011-01-14,1.3978373510463915,0.052427504176357255,-0.4478204199780528
2009-11-03,2019-11-01,3.217129359679224,0.17957519958206403,-0.15968899175316753
2015-01-26,2025-01-24,3.5327483563312634,0.19197083156110478,-0.3094189552584843
2016-02-03,2026-02-03,3.7469944113917317,0.20237174116973516,-0.3054398790053874
2003-03-10,2013-03-08,2.0236258226000747,0.10915236124928775,-0.4520245562343491
2003-04-16,2013-04-16,1.9711563191232317,0.10482095447835423,-0.4490885878453573
1999-10-29,2009-10-29,0.9812388809193414,-0.0030003741313397534,-0.6181653006325514
2001-08-16,2011-08-16,1.4526498307598872,0.05832131061083304,-0.4518466885940694
2008-10-21,2018-10-19,3.5281816054608552,0.19222011233527064,-0.15660434065520945
2008-09-02,2018-08-31,3.3266966801395212,0.1840422268827105,-0.34691903293392723
2005-08-12,2015-08-12,2.4507052504779048,0.13790511998309124,-0.4087308534005062
2004-07-27,2014-07-25,2.373900008948703,0.1324497348126717,-0.429866666556576
2013-07-29,2023-07-28,3.367611107078213,0.18463866555660932,-0.3173132906278361
2007-03-02,2017-03-02,2.595085548560893,0.14708211855275038,-0.38622019415922404
2013-03-14,2023-03-14,2.80393180100617,0.1580859316967689,-0.31889626661810355
2015-11-17,2025-11-17,3.6177051351240004,0.1960645378890171,-0.3051610635566838
2004-09-09,2014-09-09,2.408206723396099,0.1354007354268174,-0.4278740601271025
2002-09-16,2012-09-14,2.166530917087878,0.11915944129124681,-0.45669870783811073
2015-09-15,2025-09-15,3.6750538513159756,0.19858136022432915,-0.30657149624339064
2010-03-12,2020-03-12,2.627391552531447,0.1483688951311774,-0.15905233712865652
2004-03-25,2014-03-25,2.191368488093639,0.1204379745197415,-0.43246380665105966
2009-12-17,2019-12-17,3.277135264815913,0.18128097439770993,-0.15946861467966134
2008-02-13,2018-02-13,2.9669701495543594,0.16652195555056887,-0.36727309092662896
2014-11-17,2024-11-15,3.3796630665546954,0.18597037434050395,-0.3101699691970595
2003-08-18,2013-08-16,1.9661503579042185,0.10443052304448946,-0.44086426184611505
2016-05-16,2026-05-15,4.105732599722632,0.21535807340210567,-0.30340757389245476
2015-06-02,2025-06-02,3.286203701214196,0.18269937137124004,-0.30716504929623467
2002-04-30,2012-04-30,1.883795081741034,0.09740859050173967,-0.452335178083873
2002-01-17,2012-01-17,1.5693710031360277,0.07012858038333192,-0.4495477916576346
2008-06-06,2018-06-06,3.0991263078841693,0.17362779761954739,-0.3471069783995693
1999-12-15,2009-12-15,1.0043241740353788,0.0006867511819521953,-0.593292829308772
2004-05-14,2014-05-14,2.1653942778622084,0.11915092406721003,-0.43135193392013893
2006-09-22,2016-09-22,2.485229257185291,0.1394101448100175,-0.3956158937790557
2015-12-28,2025-12-26,3.6949183271508246,0.19858553707078874,-0.3046214572955448
2016-05-20,2026-05-20,4.136171107042267,0.2160674164767502,-0.30346367844449096
2001-10-25,2011-10-25,1.5672086171815702,0.0697056343692731,-0.4520696471551259
2014-08-22,2024-08-22,3.3575216941066226,0.18452357103340614,-0.3114473860504182
2000-10-02,2010-10-01,1.1437991820326876,0.02135908361449081,-0.4866323410588873
2012-02-29,2022-02-28,3.732198465077385,0.19989118989326377,-0.1733661179331918
2013-11-04,2023-11-03,3.001360296538637,0.1689646949931352,-0.31555860228833
2014-08-18,2024-08-16,3.3709329521868514,0.18554007339787648,-0.3115461730813479
2003-01-24,2013-01-24,1.960553189342424,0.10364265706119039,-0.45240894069721194
2014-09-04,2024-09-04,3.227651318498377,0.17981046266010503,-0.3111457245115332
2001-03-09,2011-03-09,1.496124329429916,0.06304462064071006,-0.4516506147149275
2008-03-10,2018-03-09,3.2885790315821204,0.1823919059032611,-0.3717676346530788
2007-05-02,2017-05-02,2.6262447089474428,0.14888177079454296,-0.37871475358588946
2004-09-01,2014-08-29,2.4374426876574273,0.13725159287212796,-0.4282511163250571
1999-07-27,2009-07-27,0.9349839801055132,-0.01069334806179802,-0.6349052774924013
2012-07-25,2022-07-25,3.146139287956818,0.17465227778346537,-0.2876280417117496
2005-01-03,2015-01-02,2.355702374314496,0.13242452905599578,-0.4176201204399965
2010-08-27,2020-08-27,4.273685337976871,0.2203196961662819,-0.17487787655384168
2006-04-20,2016-04-20,2.315253386491507,0.12889637690068978,-0.3980976735621359
2005-08-30,2015-08-28,2.353404286393544,0.13098450213586582,-0.4095910586901049
2014-07-22,2024-07-22,3.4720685916134673,0.18957498248058458,-0.31198486114567425
2000-10-24,2010-10-22,1.213272660519942,0.030367749510825062,-0.4728441486827445
2011-12-13,2021-12-13,4.566533505309384,0.23147624182680754,-0.17378661622043534
2012-02-16,2022-02-16,3.850643483461963,0.20548788318686131,-0.17339238022510106
2005-10-10,2015-10-09,2.365668436442753,0.13273150257503213,-0.4075549394424709
2003-09-26,2013-09-26,2.0467837780790004,0.11006039641269641,-0.4396072698414165
1999-04-13,2009-04-13,0.7813785866543796,-0.03997617652645721,-0.6467587161765156
2015-06-05,2025-06-05,3.3053618713975133,0.18336796343376693,-0.30725775447676684
2015-08-13,2025-08-13,3.584493931486711,0.19500091838387734,-0.3064407729069081
2003-05-15,2013-05-15,2.0081920719904995,0.10769119586629836,-0.44578893803347663
1999-09-27,2009-09-25,0.9846453611100106,-0.002454758494759447,-0.6269865784757152
2001-04-23,2011-04-21,1.5285016679100825,0.0660038489129639,-0.4512214292297334
2000-05-09,2010-05-07,1.03942322347777,0.006165955338458092,-0.5738038775552582
2013-08-06,2023-08-04,3.2162721561853522,0.17935893128462138,-0.3169543186575309
2014-08-25,2024-08-23,3.3892265976946563,0.18586225732173223,-0.3114092494829803
2001-11-05,2011-11-04,1.5759888984614843,0.07114847066116449,-0.4516580784767298
2012-02-16,2022-02-16,3.850643483461963,0.20548788318686131,-0.17339238022510106
2002-04-19,2012-04-19,1.8144307638389034,0.09214825191970052,-0.4507593332861036
2005-07-21,2015-07-21,2.5335874688998783,0.1424408978225078,-0.40971660163935664
2009-07-30,2019-07-30,3.293341044088172,0.18116574673660657,-0.1600422555026476
2011-08-30,2021-08-30,4.6189347414841535,0.23174542625182823,-0.1740178860440671
2014-05-07,2024-05-07,3.3662971661994474,0.185991787192692,-0.31366607674218316
1999-12-15,2009-12-15,1.0043241740353788,0.0006867511819521953,-0.593292829308772
2002-08-06,2012-08-06,2.059190898046087,0.11185108159982635,-0.4573878721466188
2004-01-21,2014-01-21,2.1433357439132332,0.1172158307387422,-0.43130827835515784
2004-07-28,2014-07-28,2.3780080220568225,0.13255579243583737,-0.4300339586496632
2016-06-27,2026-06-26,4.135877043007825,0.21554899542676376,-0.30372281806862644
2012-08-28,2022-08-26,3.076770960396568,0.17122724816489182,-0.2872423445494573
2004-09-29,2014-09-29,2.388329459940251,0.13311732185812886,-0.42730253260459117
2016-01-13,2026-01-13,3.835938002889858,0.20516808925738494,-0.30577606339863705
2007-11-02,2017-11-02,2.693384581271162,0.1526468506568167,-0.3576472757301624
2007-11-13,2017-11-13,2.7874218020360364,0.15716405456865884,-0.3631640054459768
2006-09-14,2016-09-14,2.4094059134608496,0.1351761826265456,-0.3955171123142007
2001-08-31,2011-08-31,1.51346236614324,0.06422567260579316,-0.45307501429941366
2015-05-20,2025-05-20,3.293867374784877,0.18183069346382166,-0.3074895844676848
1999-06-04,2009-06-04,0.8838698301961821,-0.019908256698082386,-0.6456647883682336
2002-03-20,2012-03-20,1.831565351449229,0.09354966512219598,-0.4503490391716597
2003-03-05,2013-03-05,2.0039726193177403,0.10779986959217525,-0.4514507741450592
2004-01-13,2014-01-13,2.0887972069325844,0.11368807460566138,-0.43168206663519315
2001-06-19,2011-06-17,1.4343667452699531,0.056352166934284374,-0.45168181826890863
1999-06-30,2009-06-30,0.8603946295861785,-0.02401227731905483,-0.6357957166873391
2010-12-06,2020-12-04,3.983560304744065,0.21157646309594358,-0.17439557927534943
2015-12-28,2025-12-26,3.6949183271508246,0.19858553707078874,-0.3046214572955448
2001-04-17,2011-04-15,1.51564007522732,0.06486909592774197,-0.4525253590453482
2004-04-30,2014-04-30,2.164660370350016,0.11834678845344729,-0.4322036188376953
2007-12-18,2017-12-18,2.879835388360086,0.16177538261393767,-0.3626001672089605
2015-04-08,2025-04-08,2.687189762423142,0.15197964717316587,-0.30819811212243353
2011-03-22,2021-03-22,4.016774160496072,0.21146116674997012,-0.17422118372480888
2012-06-19,2022-06-17,2.8631719363055215,0.16101316810615213,-0.23045136853682002
2009-04-06,2019-04-05,3.518643058387745,0.19285227316429876,-0.16070188784092732
2006-06-02,2016-06-02,2.3418489450386812,0.13152594024068853,-0.39882458964063405
2002-08-27,2012-08-27,2.0683254529503587,0.111599873127328,-0.4556574502075005
2014-03-05,2024-03-05,3.3174611786015937,0.18393342513615898,-0.3136713245728636
2013-02-15,2023-02-15,2.9596905083806972,0.16605840919491704,-0.31921668029143535
1999-08-13,2009-08-13,0.9521658808679041,-0.007834513499543182,-0.6323607543976282
2011-08-02,2021-08-02,4.3855949838254675,0.22631145473394476,-0.1739728994692542
2000-08-22,2010-08-20,1.0276288645615235,0.004323632729843869,-0.546924024097158
2011-12-28,2021-12-28,4.679800759294638,0.23387344688202466,-0.17378500701605748
2013-07-03,2023-07-03,3.3126491584194824,0.1839054707291286,-0.31768475927480333
2001-06-13,2011-06-13,1.4325690332665402,0.0562514477427374,-0.4507439176422724
2006-09-15,2016-09-15,2.443930222070497,0.13726512523218615,-0.39537181072401306
2001-04-27,2011-04-27,1.551557705609247,0.06812716065032033,-0.4512214292297334
2009-01-08,2019-01-08,3.201873310598774,0.17836875617955475,-0.16099155207178883
2015-04-09,2025-04-09,3.0022329693822263,0.16861409653214415,-0.3081186625303366
2000-07-31,2010-07-30,1.0537885136181542,0.008265365006096155,-0.5615225328080693
2006-01-31,2016-01-29,2.2132523439423664,0.12169881410348607,-0.40097879006603687
2016-01-21,2026-01-21,3.7921698131477397,0.20283205833605195,-0.3059367011850168
2004-05-27,2014-05-27,2.2105172548712795,0.12164789441413472,-0.42963203141026973
2001-06-20,2011-06-20,1.4342103422857646,0.0562662324674337,-0.4513460391102202
2007-08-29,2017-08-29,2.6668200598889005,0.14961771589308298,-0.3720171797350994
2008-01-02,2018-01-02,2.851676748730192,0.16126279723681403,-0.3597028663260273
2010-09-03,2020-09-03,4.104284580898547,0.21615529384354437,-0.17477067426015247
2004-08-18,2014-08-18,2.4118020548005563,0.13517313609164477,-0.42971249725549876
2015-10-01,2025-10-01,3.7791177666964644,0.20386917570073426,-0.30676707001735226
2008-03-24,2018-03-23,2.9340338294055246,0.16433486488653581,-0.3654997805856188
2004-02-27,2014-02-27,2.220496360396603,0.12223753846313418,-0.432100821862918
2015-10-29,2025-10-29,3.8087140457022484,0.2029077428553256,-0.3052065988022745
2015-03-23,2025-03-21,3.106098331894045,0.17296635496120916,-0.3083149958445037
2007-11-02,2017-11-02,2.693384581271162,0.1526468506568167,-0.3576472757301624
1999-08-12,2009-08-12,0.954811720787085,-0.007392945927195953,-0.63538556693905
2009-07-15,2019-07-15,3.399054136403516,0.18694195331834193,-0.160210614790393
2008-10-22,2018-10-22,3.5905472964851888,0.19463146401768316,-0.15722205167548864
2001-10-04,2011-10-04,1.492718018248735,0.06280535614750254,-0.454847169525306
2010-03-08,2020-03-06,3.1044347307970455,0.17386169734468268,-0.15910160423468866
2013-10-04,2023-10-04,3.013176504496552,0.1695149074788291,-0.3161718107809717
2001-01-04,2011-01-04,1.3649750548685935,0.04895707906583836,-0.44829553278876866
2011-09-21,2021-09-21,4.395005136408715,0.22501090941265955,-0.17395173031808686
2001-08-10,2011-08-10,1.3646203524066105,0.04881006822761928,-0.45156329346902346
2012-03-01,2022-03-01,3.6335980777340415,0.19801823081122122,-0.17329613532105081
2006-06-15,2016-06-15,2.3005869818065356,0.1281855583293697,-0.3997450250180443
1999-04-20,2009-04-20,0.7781822195785352,-0.04052204032596054,-0.6543286121660267
2015-12-07,2025-12-05,3.6764110035735684,0.19939926424080218,-0.3043895428327442
2002-01-25,2012-01-25,1.6239396766440506,0.07510728911798815,-0.4499099089725317
2009-07-09,2019-07-09,3.428103785379837,0.18864788459703163,-0.16035739373791114
2002-05-03,2012-05-03,1.902090531761228,0.09993831138147131,-0.4531374431155032
2015-05-12,2025-05-12,3.241497625088977,0.17997059325894776,-0.3077544576766651
2011-12-22,2021-12-22,4.591922707997095,0.23153856460022096,-0.17378646516735996
2013-02-19,2023-02-17,2.874754443191538,0.16156099027732745,-0.31916091188030604
2006-09-05,2016-09-02,2.446961072820984,0.13814463552047482,-0.3960581712225877
2007-04-18,2017-04-18,2.5470021481749656,0.14335037977010523,-0.3818202817112989
2010-03-09,2020-03-09,2.882250207576565,0.16248387465347752,-0.15908606133351055
2012-10-12,2022-10-12,2.6168289673084524,0.14777235233199565,-0.3032188099992227
2013-11-12,2023-11-10,3.0945261433353135,0.17311503182896418,-0.3156018340371013
1999-06-29,2009-06-29,0.8645996380079302,-0.023236460895962402,-0.6372912776087121
2010-09-09,2020-09-09,3.952761985548774,0.20999587700334538,-0.17475615839002911
2001-01-26,2011-01-26,1.3876668655777888,0.05104842721762157,-0.4475261303791096
2004-03-08,2014-03-07,2.2278158996370445,0.12378235053804881,-0.4320426520737184
2013-07-25,2023-07-25,3.3311986134849514,0.18321885310250396,-0.3173428136310469
2003-07-15,2013-07-15,1.9698994590484151,0.10477492340000018,-0.44132630598332534
2012-12-31,2022-12-30,2.6358095192284834,0.1478323963193929,-0.30304937333625603
2007-03-21,2017-03-21,2.5433776826536683,0.14299018558605125,-0.3838705226697334
2003-03-24,2013-03-22,1.9626731570243614,0.10393723555978367,-0.44992674203844885
2004-12-23,2014-12-23,2.3914230443394886,0.13362920946680154,-0.41843279432695446
2008-05-22,2018-05-22,2.9946104215600666,0.16745615737353836,-0.3538466810977581
2012-06-12,2022-06-10,3.0474030822593994,0.17083066990784865,-0.23053415305190583
2009-09-10,2019-09-10,3.123747634670428,0.17453500945990288,-0.1598035810098969
2015-05-13,2025-05-13,3.2882216302110994,0.18205416005171288,-0.3077280581259685
2014-03-26,2024-03-26,3.430971302240374,0.18751638934855958,-0.31405668912308127
2012-03-29,2022-03-29,3.8864139695736344,0.20601612394231789,-0.17320129730784084
2009-08-21,2019-08-21,3.155489075190981,0.17534678918299548,-0.15993892105209473
2004-03-19,2014-03-19,2.2360351255402975,0.12375952928836591,-0.43304975864338313
2006-05-04,2016-05-04,2.1982228172117586,0.12186296050875409,-0.39778112466367754
2001-03-28,2011-03-28,1.530252069523984,0.06600186836164632,-0.4534745516420243
2005-09-02,2015-09-02,2.300630473850292,0.12885930368299994,-0.4079728969837132
2015-04-01,2025-04-01,3.0714548970936915,0.1725704125857031,-0.3083888769771944
2006-07-27,2016-07-27,2.4918600633723447,0.1395788790454767,-0.40110207544388143
2001-02-26,2011-02-25,1.4680098688748575,0.05969114442483788,-0.45002748006842597
2010-06-28,2020-06-26,3.554640955874097,0.1927906183013514,-0.17491709206561334
2015-11-12,2025-11-12,3.7146018980431967,0.20041126632315487,-0.30508829017788286
2014-03-24,2024-03-22,3.441051175686865,0.18823831879686448,-0.3139610321708234
2003-12-09,2013-12-09,2.1637148799727437,0.11921453785206856,-0.43568312105388873
2007-01-23,2017-01-23,2.4537996499581314,0.13743882677786812,-0.3873465608574377
2008-05-23,2018-05-23,3.022960689958038,0.16880456877119593,-0.3541504603762763
2003-06-27,2013-06-27,1.9158774386810151,0.10007696237409557,-0.4442594973866587
2003-11-05,2013-11-05,2.0637587240137925,0.11222055747037243,-0.4351619940758169
2003-04-17,2013-04-17,1.9168258429399974,0.10055003664332064,-0.4484864455623624
2016-06-06,2026-06-05,3.9871697761363687,0.2117112574063439,-0.30241162164613355
2012-02-13,2022-02-11,3.767595055614114,0.20258952162979893,-0.1734121482730625
2013-10-04,2023-10-04,3.013176504496552,0.1695149074788291,-0.3161718107809717
2013-05-06,2023-05-05,2.931549318253551,0.1653402370956375,-0.31807533009869216
2015-10-22,2025-10-22,3.682232540490553,0.1983723311451342,-0.3057410621235156
2001-01-02,2010-12-31,1.3820565636592583,0.05070286718027941,-0.4499685424760651
2014-06-20,2024-06-20,3.5451908159931973,0.19282571994662848,-0.3126687072131755
2000-05-02,2010-04-30,1.1210549605407922,0.0180923863977461,-0.567395265257304
2007-06-07,2017-06-07,2.7278840034067797,0.1542999892966322,-0.3774116921503762
2009-06-29,2019-06-28,3.3169333604732976,0.18235225364897978,-0.16030089021189342
2005-05-23,2015-05-22,2.512123978089124,0.141113190858956,-0.41467996688807085
2001-09-21,2011-09-21,1.6416391577265275,0.07688498795251189,-0.45712141144455565
2002-07-11,2012-07-11,1.9056894630751662,0.09990568422231803,-0.4558475762710339
2013-06-26,2023-06-26,3.2503256313252487,0.1794528908464879,-0.3180284891059598
2004-09-20,2014-09-19,2.412744240342828,0.135161054442483,-0.42689859811609476
2004-07-28,2014-07-28,2.3780080220568225,0.13255579243583737,-0.4300339586496632
2015-03-12,2025-03-12,3.1124140018902664,0.17386300733438126,-0.3086356145153327
2001-08-31,2011-08-31,1.51346236614324,0.06422567260579316,-0.45307501429941366
2015-01-21,2025-01-21,3.5276837316514786,0.19197198863930398,-0.30965061168839714
2015-02-26,2025-02-26,3.3453405502751443,0.18364552257584982,-0.3085771276505501
2009-07-24,2019-07-24,3.335165815595825,0.18346618316332847,-0.1600742680192081
2002-01-24,2012-01-24,1.6026257752987167,0.07312601152454717,-0.4498607616542727
2001-11-20,2011-11-18,1.4912491086773378,0.06228649138455063,-0.4508203783288025
2004-02-17,2014-02-14,2.1803153106287687,0.12010176683712424,-0.43130120019781903
2009-03-13,2019-03-13,3.592761212037809,0.19543131655378776,-0.16102714770263504
2001-11-07,2011-11-07,1.571932508313048,0.07066636526941442,-0.4510314568340924
2007-02-02,2017-02-02,2.469282155163555,0.13948967450651167,-0.3854933133337478
2001-03-07,2011-03-07,1.4710078455248092,0.060487446176749754,-0.4504005160170751
2008-07-22,2018-07-20,3.237405017771548,0.179272333994517,-0.35074283344388757
1999-07-21,2009-07-21,0.9021508300989819,-0.0164608727178698,-0.6328859600944563
2011-06-22,2021-06-22,4.296905593820149,0.22156283451697625,-0.17411023314810115
2000-02-22,2010-02-22,0.9963766611989467,-0.0005760458705716472,-0.5641804304532878
2002-07-26,2012-07-26,1.980615714366112,0.10513235222143165,-0.45774543117136635
2002-03-21,2012-03-21,1.8189323449813695,0.09246401525131907,-0.4498674939674482
2013-08-05,2023-08-04,3.2081941683403827,0.17897960345457842,-0.3169022886201007
2000-02-08,2010-02-08,0.9460017704000777,-0.008891903290456252,-0.5590033086163786
2006-08-17,2016-08-17,2.4795527592173428,0.1393537186559718,-0.3977649826144889
2009-06-09,2019-06-07,3.1913599149640572,0.17798790576235712,-0.16027129143130614
2008-02-20,2018-02-20,3.0908185356646327,0.17221024683401404,-0.36876443013939864
2010-12-27,2020-12-24,4.013135515929964,0.2111094468462773,-0.17436431557040877
2013-02-11,2023-02-10,2.8649633221052917,0.16147949661672922,-0.3191870320393069
2006-01-05,2016-01-05,2.3247259673889835,0.13027550983376796,-0.4010395424061588
2013-07-18,2023-07-18,3.3848070401520807,0.18609991123451797,-0.31729744502507584
2004-09-15,2014-09-15,2.3757855544316593,0.1330456632896921,-0.42710588996815513
2016-04-04,2026-04-02,3.376556434440315,0.18683949743652956,-0.3033396343341831
2007-12-06,2017-12-06,2.7406504622913697,0.15505096553703235,-0.3587676916525644
2011-12-08,2021-12-08,4.639170738157908,0.23429533033398822,-0.1737731033913923
2014-05-09,2024-05-09,3.3677555193560718,0.1859163631216842,-0.313637488464359
2012-12-04,2022-12-02,2.886316221448029,0.16313862836787563,-0.30303768945854415
2013-12-09,2023-12-08,3.124105254531883,0.17469636044447656,-0.3149622170386446
2008-06-27,2018-06-27,3.068919395382463,0.1707850658201876,-0.3510046772745
1999-12-07,2009-12-07,0.9976451405707155,-0.0003767060451147926,-0.5949040020358038
2007-09-26,2017-09-26,2.609647527648709,0.14652441601972638,-0.36580883184641144
2002-05-03,2012-05-03,1.902090531761228,0.09993831138147131,-0.4531374431155032
2014-08-07,2024-08-07,3.1362373720882504,0.17530073863117268,-0.311989918959117
2003-04-17,2013-04-17,1.9168258429399974,0.10055003664332064,-0.4484864455623624
2003-02-24,2013-02-22,1.9651267604541134,0.10406079617478688,-0.45187588694813796
2003-07-08,2013-07-08,1.8959130584033674,0.09925067191546119,-0.4413084811758313
2010-04-29,2020-04-29,3.151773613539055,0.17459345810350452,-0.17483734954681274
2009-02-03,2019-02-01,3.3738344222981618,0.18671816569583652,-0.16100078703725829
2015-08-19,2025-08-19,3.5188830423359607,0.19178873702041177,-0.3064670415999421
2006-05-26,2016-05-26,2.335643372034663,0.12992732428212164,-0.39983368544829634
2004-02-02,2014-01-31,2.1091244566859726,0.11522734934245527,-0.43173083958892555
2000-01-12,2010-01-12,1.0340494267555014,0.005325847278217452,-0.5842485053439532
1999-04-22,2009-04-22,0.7792718139810835,-0.040254734357857876,-0.6469318282171495
2005-08-30,2015-08-28,2.353404286393544,0.13098450213586582,-0.4095910586901049
2015-03-27,2025-03-27,3.14821657690815,0.17458921564351043,-0.30863999999225844
2008-04-09,2018-04-09,2.895111974103981,0.16318086984817987,-0.3628534084103907
2014-09-04,2024-09-04,3.227651318498377,0.17981046266010503,-0.3111457245115332
2000-12-07,2010-12-07,1.3103728302732986,0.042567870997239035,-0.4477017540203818
2000-10-17,2010-10-15,1.2186951373548631,0.031152778552873014,-0.4815241385860447
2013-08-20,2023-08-18,3.111160816560677,0.17342248832804263,-0.3170548433541862
2001-01-10,2011-01-10,1.3895004025069622,0.05158964192529161,-0.44851393503018355
2000-01-31,2010-01-29,0.9612474085791353,-0.006267746611748383,-0.5794105235972209
2006-03-13,2016-03-11,2.264462988252535,0.12601685409637095,-0.40044938633636695
2015-03-23,2025-03-21,3.106098331894045,0.17296635496120916,-0.3083149958445037
2011-02-18,2021-02-18,4.126548886780452,0.21572218316899877,-0.1741653861338759
2000-11-21,2010-11-19,1.2655289882044647,0.03695568362545607,-0.4474654145193733
2013-09-12,2023-09-12,3.1703505018839917,0.17662972708702984,-0.31657176102238505
2013-10-22,2023-10-20,2.9241273948635507,0.16398650619959498,-0.31583231710346726
2013-01-25,2023-01-25,2.7913406122257625,0.15668247896230597,-0.3194881380223884
2014-10-30,2024-10-30,3.44330345314894,0.1877348857549797,-0.3107701436752801
2003-05-08,2013-05-08,2.0102272382777766,0.10814211267951632,-0.4468987822984831
2016-03-02,2026-03-02,3.599052859849128,0.1965003452012975,-0.3044086726887265
2004-09-30,2014-09-30,2.3903886804319767,0.13319515880346627,-0.42723305357323826
2013-02-04,2023-02-03,2.9558226208799057,0.1666225617279674,-0.3193633330159463
2009-03-26,2019-03-26,3.4885129249391613,0.1900689918842441,-0.16082157623650029
2012-09-11,2022-09-09,3.048259939578724,0.17091093470402877,-0.2871569874558332
2010-01-27,2020-01-27,3.364665947041482,0.1845195650912708,-0.15934911035293642
2010-04-29,2020-04-29,3.151773613539055,0.17459345810350452,-0.17483734954681274
2009-11-12,2019-11-12,3.1847374889580053,0.17730514053609434,-0.1595423068010332
2012-09-06,2022-09-06,2.8899083609882683,0.16306598485109697,-0.28710193509882576
2011-12-28,2021-12-28,4.679800759294638,0.23387344688202466,-0.17378500701605748
2001-07-05,2011-07-05,1.5360590230934543,0.06719941604051402,-0.45076455087063394
2013-07-05,2023-07-05,3.3017150661230277,0.18326743191383602,-0.31761962408888367
2008-06-25,2018-06-25,3.0559533692778933,0.1702804153238467,-0.3487631931975841
2004-10-15,2014-10-15,2.213699259915502,0.12240880852139188,-0.42567522381161815
2008-02-08,2018-02-08,2.8770609012266823,0.1622062320951179,-0.3693694038948999
2015-12-10,2025-12-10,3.70508840750462,0.200194744040257,-0.3045511645312782
2014-01-21,2024-01-19,3.29951906969371,0.18214233552314912,-0.3144672817685866
2013-08-21,2023-08-21,3.1659000760749243,0.17584067299703762,-0.3170847941828062
2007-03-20,2017-03-20,2.5985397683247613,0.14626665181622076,-0.38486757375893377
2012-10-09,2022-10-07,2.671247863844076,0.15116063309894226,-0.30317262971711934
2005-11-09,2015-11-09,2.4667972920599217,0.1390288493792889,-0.40391725862024763
2011-01-31,2021-01-29,4.009648088115596,0.2105612126509177,-0.1742868048484616
2010-04-12,2020-04-09,2.91746689929269,0.16429148221494144,-0.1748705329141339
2003-07-10,2013-07-10,1.9316729352602786,0.1020088772202803,-0.4419208626252388
2003-10-22,2013-10-22,2.081768207717146,0.11279977289909221,-0.43704156921711146
2000-03-28,2010-03-26,1.056060448814906,0.008619587578168941,-0.5392769065121752
2001-08-07,2011-08-05,1.4275281135039297,0.05588978668075615,-0.4508107973553084
2006-09-14,2016-09-14,2.4094059134608496,0.1351761826265456,-0.3955171123142007
2007-06-22,2017-06-22,2.6657042608503136,0.14995925515934094,-0.37614021034939504
2002-01-22,2012-01-20,1.6219134496509042,0.07506809599337669,-0.4505658112214884
2006-06-01,2016-06-01,2.335035528104576,0.13113607755416506,-0.3987324930105438
2009-08-28,2019-08-28,3.0914581072518224,0.17181737773503847,-0.15992977348681514
2003-03-24,2013-03-22,1.9626731570243614,0.10393723555978367,-0.44992674203844885
2005-01-20,2015-01-20,2.3662026252479986,0.13217179071817764,-0.42018424457912196
2005-07-25,2015-07-24,2.4750438344770824,0.13876968869847223,-0.40999719077649666
2007-12-11,2017-12-11,2.7997776084111816,0.15796594562629152,-0.3603387832599023
2005-07-18,2015-07-17,2.5416409042144577,0.14313738118462038,-0.41076008427419575
2011-12-14,2021-12-14,4.550297694322324,0.23085249511697722,-0.17381967014621436
2004-11-11,2014-11-11,2.383687936112268,0.1337481579160302,-0.4215696033479812
2006-09-15,2016-09-15,2.443930222070497,0.13726512523218615,-0.39537181072401306
2005-10-06,2015-10-06,2.3293034182484464,0.13054484200804295,-0.40736641140966856
2002-05-13,2012-05-11,1.820748505047217,0.09298135080423621,-0.4524697985614311
2011-01-27,2021-01-27,4.038560655237138,0.21179500770332577,-0.17425194665930666
2003-04-10,2013-04-10,1.9993947739257378,0.10722567841344044,-0.44954886090270396
2004-05-03,2014-05-02,2.150106198565787,0.1186371581366781,-0.4309851613734509
2012-12-04,2022-12-02,2.886316221448029,0.16313862836787563,-0.30303768945854415
2015-08-19,2025-08-19,3.5188830423359607,0.19178873702041177,-0.3064670415999421
2010-10-25,2020-10-23,3.830791164376384,0.204216028387734,-0.17453558207754638
2015-01-28,2025-01-28,3.5245798195857434,0.19133683696459358,-0.3097944271603015
2013-12-27,2023-12-27,3.2644685203076422,0.1800189724434646,-0.3148076071000736
2007-07-12,2017-07-12,2.613982874649071,0.14760182239560798,-0.371659531111016
2012-07-16,2022-07-15,3.044468255005108,0.1703784506131974,-0.2875927663639697
2004-11-17,2014-11-17,2.382790356270411,0.13338119099159407,-0.42064910854488025
2007-03-06,2017-03-06,2.586681408658658,0.1463660059541225,-0.3857744031613123
2008-06-20,2018-06-20,3.164123124506011,0.1758205062967859,-0.34893786596271725
2015-10-30,2025-10-30,3.757271908447027,0.20079736703364087,-0.3052714562065669
2013-11-21,2023-11-21,3.1613034593884817,0.17559488903859427,-0.3154914471805602
2007-09-04,2017-09-01,2.68211663406254,0.15207658944217528,-0.36815007374879516
2010-07-01,2020-07-01,3.7651059970600445,0.20332355134536229,-0.17496648145709515
2002-09-12,2012-09-12,2.11334317396232,0.11549686480143856,-0.45655210220370346
2013-02-19,2023-02-17,2.874754443191538,0.16156099027732745,-0.31916091188030604
2008-10-09,2018-10-09,3.6609313396633607,0.19851041519120025,-0.15657595306168814
2008-06-04,2018-06-04,3.056987288243009,0.17169507739811482,-0.3531732085194711
2012-06-19,2022-06-17,2.8631719363055215,0.16101316810615213,-0.23045136853682002
2010-03-01,2020-02-28,3.115594078514065,0.17422910313497614,-0.15916971183559403
2000-06-08,2010-06-08,1.0038582061932357,0.0006149733291401617,-0.558749429179819
2004-03-09,2014-03-07,2.2299582644969695,0.1239277639065478,-0.43214990459172153
2002-04-04,2012-04-04,1.8495957739455817,0.09562585457664675,-0.45059544464149437
2011-12-01,2021-12-01,4.471625096467736,0.22932920390122147,-0.17374857639652652
1999-10-15,2009-10-15,1.0206620413720777,0.0032520481357841847,-0.6258874714120647
2002-09-12,2012-09-12,2.11334317396232,0.11549686480143856,-0.45655210220370346
2009-07-20,2019-07-19,3.305563741148872,0.18247423586255546,-0.16014553146019472
2011-03-24,2021-03-24,3.895441997103843,0.20670120970275258,-0.1741807984217617
2007-11-29,2017-11-29,2.7714554918049803,0.15534917761082306,-0.36171298727606027
2014-02-10,2024-02-09,3.406863321834016,0.18762893861486168,-0.3143044320101257
2015-02-12,2025-02-12,3.47094551964978,0.19015992023287304,-0.3089028148982266
2001-06-20,2011-06-20,1.4342103422857646,0.0562662324674337,-0.4513460391102202
2015-09-11,2025-09-11,3.640975556703067,0.19747747607858868,-0.30669443597555646
2009-10-30,2019-10-30,3.2234611471151235,0.17793184501222115,-0.15977099424338626
2010-03-22,2020-03-20,2.5163184036040116,0.141429128326304,-0.1590166988912901
2000-10-26,2010-10-26,1.2279059948179971,0.032177961547443484,-0.4782027605210969
2009-12-17,2019-12-17,3.277135264815913,0.18128097439770993,-0.15946861467966134
2011-10-05,2021-10-05,4.3106831670762,0.22344601553941587,-0.17396770198314215
2009-04-03,2019-04-03,3.497903088733541,0.19210556089824893,-0.1606961555963926
2000-08-22,2010-08-20,1.0276288645615235,0.004323632729843869,-0.546924024097158
2008-04-07,2018-04-06,2.856508964725524,0.16134435476518758,-0.36118156331748097
2015-06-01,2025-05-30,3.270492776289937,0.18153046789938843,-0.30712315189438766
2011-09-21,2021-09-21,4.395005136408715,0.22501090941265955,-0.17395173031808686
2001-07-24,2011-07-22,1.6029330557456734,0.07324223610920035,-0.45196760705733763
2015-10-28,2025-10-28,3.789232895309371,0.20221562142016172,-0.30518378143221114
2015-10-21,2025-10-21,3.749184897870014,0.20115067781918888,-0.30603325837321527
2002-02-15,2012-02-15,1.7192802798028581,0.0840960791480508,-0.4509383784724895
2013-01-28,2023-01-27,2.871336098076857,0.16079107580592178,-0.31947117037994777
2006-03-29,2016-03-29,2.2986163873193117,0.12738459413481834,-0.3994139367112082
2009-06-24,2019-06-24,3.3773713216312045,0.1853322799510429,-0.1603580259816174
2006-11-24,2016-11-23,2.356062751867255,0.13134238791602312,-0.3885890153854592
2012-09-28,2022-09-28,2.77815192540297,0.15580564744898384,-0.2871400865013871
2016-06-17,2026-06-17,4.147575867603022,0.2166983428689368,-0.30300657648237306
2012-12-19,2022-12-19,2.656774656572981,0.1496454675819538,-0.30298440855954734
2015-05-01,2025-05-01,3.0601496534978954,0.17203144306943943,-0.3076028709813019
2015-08-03,2025-08-01,3.4054977747855926,0.1881484939281255,-0.30628427539393677
2000-09-27,2010-09-27,1.1453550195359001,0.021333599926946153,-0.48895475392148724
2003-08-01,2013-08-01,2.0043092743303412,0.10797481590419081,-0.4413383461883714
2011-09-12,2021-09-10,4.572857919914582,0.23192854877457808,-0.17401023039546526
2009-06-02,2019-05-31,3.0978508085128174,0.1733332963745508,-0.16030448500573902
2000-01-19,2010-01-19,1.0376618553364332,0.005861587837747288,-0.5711282251629801
2000-10-26,2010-10-26,1.2279059948179971,0.032177961547443484,-0.4782027605210969
2008-03-19,2018-03-19,3.1517020125020654,0.17532377845591118,-0.36989302987454076
2009-11-11,2019-11-11,3.1681638496565867,0.17658737961563148,-0.15952749886273598
2002-02-06,2012-02-06,1.694597720607943,0.08219042632289843,-0.4507974746816966
2002-03-01,2012-03-01,1.7730956977717673,0.08930504487366175,-0.4505131368411045
2001-06-04,2011-06-03,1.4680461195536423,0.060263743696271625,-0.4503313577578244
2008-12-23,2018-12-21,3.059194930274874,0.17068154295435692,-0.12288017427629672
1999-04-28,2009-04-28,0.7979936333619977,-0.036259809288709255,-0.6483795544911175
2009-02-10,2019-02-08,3.3715478288784686,0.18612187396083957,-0.16096622876537348
2007-06-12,2017-06-12,2.6445822317538283,0.14933775697236568,-0.37715308742533304
2007-04-10,2017-04-10,2.567410022018161,0.14499494686225928,-0.38222312698296435
2010-12-16,2020-12-16,4.007049092309915,0.21151231079689192,-0.1743733189810288
2008-04-02,2018-04-02,2.841747338758399,0.16080943847662316,-0.36170613841823973
2011-10-18,2021-10-18,4.344315420262427,0.2235354532297757,-0.17380667924795745
2012-06-05,2022-06-03,3.262887836277313,0.18159591850305695,-0.23060135127617176
2015-02-20,2025-02-20,3.4986117130699323,0.19077878503462103,-0.3086296023712638
2013-01-16,2023-01-13,2.7275095377683143,0.15392253317557253,-0.31949947245510635
2008-03-03,2018-03-02,3.115103488082008,0.17469558753334696,-0.3691259765326782
2007-09-20,2017-09-20,2.6702795585679135,0.15030811039222342,-0.3676560268791996
2003-04-11,2013-04-11,2.006035770508271,0.1076857985840862,-0.4498182403942679
2009-07-31,2019-07-31,3.251941389543108,0.1792070907660333,-0.16004960052121442
2001-08-02,2011-08-02,1.4791221422595033,0.061447024175508354,-0.4502326557951595
2015-05-01,2025-05-01,3.0601496534978954,0.17203144306943943,-0.3076028709813019
2013-10-31,2023-10-31,2.8885114145416395,0.16147201437279268,-0.3157953558608355
2001-04-03,2011-04-01,1.6074515420371729,0.0742931160840739,-0.45516219293517357
2012-10-19,2022-10-19,2.7121280719555996,0.15274639479734825,-0.3032995242650959
2001-03-16,2011-03-16,1.4506276685978121,0.05812061718671262,-0.45293475712990516
2011-09-07,2021-09-07,4.611387848355108,0.23345771355467515,-0.17398186866327092
2000-09-12,2010-09-10,1.0754129676286888,0.011551556428132789,-0.49531762840674665
2007-08-27,2017-08-25,2.6516188769012157,0.14899013620633775,-0.37229260857435653
2010-08-04,2020-08-04,3.8642215292393503,0.20699335566346483,-0.17477905995218124
2011-10-25,2021-10-25,4.426643972222982,0.22577549502160799,-0.1738292660946812
2006-06-12,2016-06-10,2.3527723623370984,0.13181971909652695,-0.40092992017029216
2015-03-03,2025-03-03,3.2073293284294704,0.17899089152862396,-0.3082807170164332
2012-08-08,2022-08-08,3.2446819763974273,0.18040392005748307,-0.28733185122302496
2002-10-18,2012-10-18,2.0307256836092678,0.10922005700434528,-0.45500252142164377
2010-10-26,2020-10-26,3.769245813308297,0.2015605105654476,-0.1745312699876722
2011-11-03,2021-11-03,4.538569889680839,0.23138822428905478,-0.1737520762047542
2004-12-21,2014-12-19,2.3954017546197144,0.13408573234302784,-0.41852296795431365
2011-12-22,2021-12-22,4.591922707997095,0.23153856460022096,-0.17378646516735996
2014-10-03,2024-10-03,3.365729374297542,0.18621579299508118,-0.3109807238032207
2013-05-09,2023-05-09,2.916617320852717,0.1643188291527909,-0.3180515816149905
2012-05-25,2022-05-25,3.1102942732274483,0.17294131875326793,-0.20076940806527754
2010-03-10,2020-03-10,3.0292537510671766,0.16990830422227085,-0.15906352652988087
2003-11-17,2013-11-15,2.1084836021643083,0.11501915328052931,-0.43620332856776356
2012-12-19,2022-12-19,2.656774656572981,0.1496454675819538,-0.30298440855954734
2005-07-01,2015-07-01,2.4566306184188584,0.1388779534064722,-0.4136578590690032
2008-06-02,2018-06-01,3.036732220696154,0.17088780491516595,-0.34922383763613263
2004-08-23,2014-08-22,2.4282355748941074,0.1359844780993803,-0.42943413241340755
2004-08-13,2014-08-13,2.4016723574039065,0.13480043644411743,-0.43128699048575936
2001-12-03,2011-12-02,1.5173581131346494,0.06537895182284721,-0.4502555004179669
2015-11-05,2025-11-05,3.692244430063178,0.2000285945338648,-0.3047403658354805
2001-10-02,2011-09-30,1.5428807054305838,0.0676691212895934,-0.45630418234199
2000-09-01,2010-09-01,1.0188098794626474,0.0029818192290311796,-0.5297850964062013
2015-06-02,2025-06-02,3.286203701214196,0.18269937137124004,-0.30716504929623467
2008-10-21,2018-10-19,3.5281816054608552,0.19222011233527064,-0.15660434065520945
2006-10-11,2016-10-11,2.4057425313347496,0.13511814440643213,-0.39287615886491034
2011-12-16,2021-12-16,4.529607276064607,0.2299934699774297,-0.17381462478872511
2005-10-31,2015-10-30,2.5010246457252703,0.1399901299834898,-0.4063988052193265
2001-05-23,2011-05-23,1.4656219422747785,0.05952905016202159,-0.4498386517464723
2011-10-28,2021-10-28,4.449170225856477,0.22628655997751904,-0.17377418161001035
2002-04-01,2012-03-30,1.8335705096625734,0.09405620162873965,-0.4495509380396331
2008-10-09,2018-10-09,3.6609313396633607,0.19851041519120025,-0.15657595306168814
2015-08-20,2025-08-20,3.538185746634497,0.1925374435887593,-0.30685485048466954
2015-06-02,2025-06-02,3.286203701214196,0.18269937137124004,-0.30716504929623467
2005-06-10,2015-06-10,2.483199477357398,0.1400021029804,-0.41384513041553816
2012-09-14,2022-09-14,2.908245170865516,0.16351937040293912,-0.2870698809663629
2009-10-21,2019-10-21,3.0971230847220133,0.17254213427281,-0.15963859232117483
2007-07-03,2017-07-03,2.550095334911424,0.14437681617476844,-0.37330169426271687
2001-08-08,2011-08-08,1.3555645683159565,0.047818710993459135,-0.45147806364277276
2005-09-16,2015-09-16,2.3590808528572347,0.13193809325100184,-0.4070286650322599
2010-06-28,2020-06-26,3.554640955874097,0.1927906183013514,-0.17491709206561334
2016-04-15,2026-04-15,3.669103175611755,0.19841514698522028,-0.3032337702920497
1999-04-09,2009-04-09,0.7793976004493349,-0.0404699545144769,-0.6446925952367232
2011-08-16,2021-08-16,4.519414835054447,0.22966476590304002,-0.17405582387346252
2013-11-07,2023-11-07,3.0649418004460176,0.17186536068223648,-0.31572501178437085
2015-09-03,2025-09-03,3.5849106727457203,0.19573086127212935,-0.30699031555893563
2006-07-14,2016-07-14,2.4450827412899505,0.13742608018453029,-0.40151643457328934
2001-03-26,2011-03-25,1.51950841931969,0.06500579696485437,-0.45272294485031217
2003-11-18,2013-11-18,2.1033208658079587,0.11451446544795135,-0.4369420782314426
2013-12-05,2023-12-05,3.0993922033660626,0.1736983269268822,-0.3150674563376643
2014-05-29,2024-05-29,3.41388792936208,0.18655463283239038,-0.31311723275120196
2010-03-25,2020-03-25,2.6923687965900958,0.15129097852957896,-0.15901496014792738
2001-04-23,2011-04-21,1.5285016679100825,0.0660038489129639,-0.4512214292297334
2001-04-17,2011-04-15,1.51564007522732,0.06486909592774197,-0.4525253590453482
2007-06-25,2017-06-23,2.679485792386586,0.15067487818005743,-0.3763970945660895
2009-05-20,2019-05-20,3.306576236392669,0.18245613931258675,-0.160505666098696
1999-09-29,2009-09-29,0.9997968998474036,-3.213794915582167e-05,-0.6281862439235326
2011-01-28,2021-01-28,4.103649322488812,0.2141123718166918,-0.1742949048400999
2008-08-18,2018-08-17,3.165023967837303,0.17605802397032283,-0.35796855340994826
1999-05-25,2009-05-22,0.8144429564905775,-0.0330279821715452,-0.6536649383830951
2000-10-31,2010-10-29,1.2275878923216077,0.03209749992566633,-0.47447002520371473
2007-01-25,2017-01-25,2.492422940398254,0.13967433645373845,-0.3871802794924032
2011-09-15,2021-09-15,4.509019996403947,0.229376341495786,-0.17392717772935284
2013-07-01,2023-06-30,3.3256951541044626,0.1840509967566216,-0.31772290196780173
2006-08-30,2016-08-30,2.46088097627165,0.13752749534874725,-0.39758481515345534
2004-04-23,2014-04-23,2.1040451076367415,0.11439285300518448,-0.42978127326930493
2015-12-18,2025-12-18,3.6391298500222677,0.196896440718403,-0.3049887195810882
2007-02-22,2017-02-22,2.5484819899186255,0.14315303490223102,-0.3840659412612444
2004-08-27,2014-08-27,2.428806354537266,0.13575806158860354,-0.42889392599423615
2006-11-07,2016-11-07,2.345711212029076,0.13149380209920308,-0.3904674575855085
1999-05-24,2009-05-22,0.8086913266178687,-0.03418581249031782,-0.650321911546632
2004-06-04,2014-06-04,2.2169507282092926,0.12316600108519524,-0.42896605230079043
2008-02-15,2018-02-15,3.10138355454546,0.1730493675473696,-0.3689778357976955
2015-02-10,2025-02-10,3.4982429833130886,0.19148242898078432,-0.3090880842498871
2011-12-22,2021-12-22,4.591922707997095,0.23153856460022096,-0.17378646516735996
2012-09-21,2022-09-21,2.7880013543350564,0.15675258059865188,-0.2870615512507786
2008-08-19,2018-08-17,3.1783621398368074,0.17668944674838158,-0.3508637776302217
2001-02-05,2011-02-04,1.4168965572101284,0.054731138748913624,-0.4479885806225835
2005-12-16,2015-12-16,2.4349185275526235,0.1367105765757446,-0.4020684066280398
2016-06-21,2026-06-18,4.233723484139609,0.21971219084463298,-0.30284117464582283
1999-12-10,2009-12-10,1.0063927388876144,0.00101631595815054,-0.5948211451755946
2014-06-06,2024-06-06,3.414871239994042,0.1881987187953072,-0.31269114310269
2011-01-19,2021-01-19,4.01886343625833,0.21169255243177876,-0.17427163236356558
2004-02-11,2014-02-11,2.153380791731639,0.11836444830350049,-0.43117425628710937
2012-08-30,2022-08-30,3.02508920830841,0.16843667334296486,-0.2872767146309728
2013-09-11,2023-09-11,3.205037327773651,0.17833390740424776,-0.3165660832939664
1999-12-06,2009-12-04,1.0024162338657743,0.000385997260242789,-0.5949040020358038
2001-01-09,2011-01-07,1.396893409892663,0.05247449393162826,-0.44911493814923764
2010-09-22,2020-09-22,3.795315991008088,0.20287730982037014,-0.17467683211006246
2016-07-05,2026-07-02,4.041589616505092,0.21402038270675072,-0.30242402059776485
1999-08-06,2009-08-06,0.9428137574202127,-0.009447276740590564,-0.6352866315204263
2010-09-22,2020-09-22,3.795315991008088,0.20287730982037014,-0.17467683211006246
2001-07-18,2011-07-18,1.5338306338349728,0.06662282042111736,-0.4514045896558909
2010-06-16,2020-06-16,3.5350284866945194,0.19268454647700978,-0.17486455504343235
2009-12-28,2019-12-27,3.27655909412189,0.18057214119980447,-0.1593237205634498
2000-09-28,2010-09-28,1.1417136826907013,0.020827705324558774,-0.4959615328345579
2010-12-27,2020-12-24,4.013135515929964,0.2111094468462773,-0.17436431557040877
2014-09-25,2024-09-25,3.428638467273641,0.18743043501306828,-0.3113044251672201
2014-02-27,2024-02-27,3.3651883382430996,0.18451912899161638,-0.31397814782902334
1999-09-08,2009-09-08,0.9580971324436498,-0.006853087339285843,-0.6256742850146192
2003-06-16,2013-06-14,1.9173027188023772,0.10070428394859089,-0.4432888548599825
2003-05-14,2013-05-14,2.011808320053475,0.10800583186765475,-0.4460933806930032
2007-01-19,2017-01-19,2.4359250823823766,0.13655217555907595,-0.3866943762003915
2001-08-27,2011-08-26,1.4338004271061993,0.05608253638274875,-0.4519306481979979
2013-12-30,2023-12-29,3.250694273088173,0.17925119012430585,-0.31482141165506095
2012-08-23,2022-08-23,3.153471672884798,0.1751110025122505,-0.2872687080276415
2013-03-15,2023-03-15,2.8220188951167784,0.15899203659072697,-0.3189182584800665
2002-08-16,2012-08-16,2.0468405528355027,0.11050369280688714,-0.45536598587234434
1999-06-09,2009-06-09,0.886765520329469,-0.01933299544648598,-0.6443983609750067
2014-12-19,2024-12-19,3.448984100309648,0.18875437923524985,-0.3096900608959249
2004-03-15,2014-03-14,2.1992034168226793,0.12149383373002376,-0.43290986288218636
2010-07-26,2020-07-24,3.700803645242041,0.19899336021809738,-0.1748332902026073
2014-12-11,2024-12-11,3.566851555741402,0.19438119827016448,-0.309791895286996
1999-10-21,2009-10-21,1.0153676636592759,0.0024195093348220093,-0.6227381997773334
1999-04-13,2009-04-13,0.7813785866543796,-0.03997617652645721,-0.6467587161765156
1999-04-13,2009-04-13,0.7813785866543796,-0.03997617652645721,-0.6467587161765156
2001-11-23,2011-11-23,1.428287150936546,0.05554892805049855,-0.4505357025476596
2000-01-28,2010-01-28,0.9837758971962638,-0.0025914600320893887,-0.5843324646552754
2013-05-28,2023-05-26,3.1360971879807105,0.17411970612955388,-0.3179084671086323
2009-09-10,2019-09-10,3.123747634670428,0.17453500945990288,-0.1598035810098969
2016-03-04,2026-03-04,3.6171886615405398,0.1971108560700221,-0.3044333091846576
2013-01-31,2023-01-31,2.860567937999106,0.15998573536819577,-0.31950287347906836
2015-11-17,2025-11-17,3.6177051351240004,0.1960645378890171,-0.3051610635566838
2003-04-30,2013-04-30,1.9738850526182792,0.10445405554848822,-0.4478679488407886
2004-03-08,2014-03-07,2.2278158996370445,0.12378235053804881,-0.4320426520737184
2013-11-27,2023-11-27,3.141477355203382,0.17425609396796005,-0.3153093485748999
2003-06-10,2013-06-10,1.9624810777371096,0.10439755183071103,-0.44393221195141064
2000-03-03,2010-03-03,1.005645122620151,0.0009010722300599131,-0.5442369918699628
2010-10-13,2020-10-13,4.005739948739616,0.2117062814073426,-0.17457851744786557
2013-01-28,2023-01-27,2.871336098076857,0.16079107580592178,-0.31947117037994777
2015-12-18,2025-12-18,3.6391298500222677,0.196896440718403,-0.3049887195810882
2015-04-10,2025-04-10,2.8698733246355306,0.16176436500251298,-0.3080667929633635
2001-04-05,2011-04-05,1.5669404811827117,0.07025382930756024,-0.45402720728955437
2012-07-25,2022-07-25,3.146139287956818,0.17465227778346537,-0.2876280417117496
2013-11-06,2023-11-06,3.0125604677034055,0.16933280723065397,-0.3155508682953603
2011-04-14,2021-04-14,4.167938968659874,0.21763455850769023,-0.17413700407990162
2013-05-24,2023-05-24,2.993507126702993,0.16728089538924074,-0.3179618047335522
2013-09-18,2023-09-18,3.1350890186327054,0.1745501027187769,-0.3164254563768799
2006-12-04,2016-12-02,2.2965301759835826,0.1285569316651002,-0.3878465612557911
1999-11-16,2009-11-16,1.0194128521585386,0.0030556576429560892,-0.6052611978731022
2007-02-06,2017-02-06,2.481134945606682,0.13999650629647054,-0.38560751320388587
2002-09-10,2012-09-10,2.0819693225665343,0.11332449032229462,-0.45574806751230235
2001-02-26,2011-02-25,1.4680098688748575,0.05969114442483788,-0.45002748006842597
2001-05-04,2011-05-04,1.5118584740127214,0.0647837850720922,-0.4499682163771418
2011-04-08,2021-04-08,4.14438599082504,0.2172672826839176,-0.1741307726839615
2007-12-06,2017-12-06,2.7406504622913697,0.15505096553703235,-0.3587676916525644
2008-07-18,2018-07-18,3.2592240124130063,0.18041621569470567,-0.35097617376158896
2012-02-07,2022-02-07,3.8785941009149565,0.20727344767706266,-0.17344393444357908
2008-09-10,2018-09-10,3.296886757928558,0.18264658862666872,-0.30890656118701554
2010-02-10,2020-02-10,3.60544135585392,0.19608772774400196,-0.159386153990704
2000-08-31,2010-08-31,0.9870062893673305,-0.002069904453934804,-0.5360823635998371
2013-12-09,2023-12-08,3.124105254531883,0.17469636044447656,-0.3149622170386446
2006-12-18,2016-12-16,2.3846695296481992,0.13352897237491376,-0.3880764673789153
2001-11-16,2011-11-16,1.5313947763943114,0.06641001330890185,-0.45049738316361443
2013-04-16,2023-04-14,2.9687158323617324,0.16665052987597354,-0.3186111313550366
2011-11-30,2021-11-30,4.6037561641639995,0.23121919715121578,-0.17381330470297718
2000-02-07,2010-02-05,0.9574700160790223,-0.006965590195404706,-0.5645164680558424
2002-07-17,2012-07-17,1.898360262812193,0.09908516827995033,-0.45513658613273444
1999-06-16,2009-06-16,0.8498733740111344,-0.0261630216940305,-0.642337404436129
2003-11-18,2013-11-18,2.1033208658079587,0.11451446544795135,-0.4369420782314426
2000-11-28,2010-11-26,1.2858731097614067,0.03931391040449664,-0.44815538431712953
2011-06-28,2021-06-28,4.3326651184402385,0.22231317049893584,-0.17406886955195078
2008-04-02,2018-04-02,2.841747338758399,0.16080943847662316,-0.36170613841823973
2016-03-07,2026-03-06,3.561659340123406,0.194628479649818,-0.3045337772770046
2012-03-05,2022-03-04,3.605358369340667,0.19661630162933263,-0.17332064549665427
2009-10-14,2019-10-14,3.0597090176752473,0.17117390775779992,-0.15963741433519407
2008-01-08,2018-01-08,2.992038563961996,0.16812795297424488,-0.36551976890284277
2000-02-15,2010-02-12,0.9725650594195879,-0.004440442594536237,-0.5618766965592856
2000-05-24,2010-05-24,1.033392975998099,0.005201463937921039,-0.5840063054778101
2009-11-12,2019-11-12,3.1847374889580053,0.17730514053609434,-0.1595423068010332
1999-04-07,2009-04-07,0.7455188685985414,-0.047895073353025244,-0.646125347756222
1999-11-30,2009-11-30,0.9995639338904819,-6.897827806517378e-05,-0.605749926440265
2002-12-26,2012-12-26,1.8950226079378178,0.09844764005670802,-0.45254683710078314
2014-07-08,2024-07-08,3.615618453302963,0.19668176282260652,-0.3122468730246546
2007-02-23,2017-02-23,2.5417341890918883,0.1427005882787173,-0.3842459943503197
2011-06-27,2021-06-25,4.306636396132328,0.221655701953891,-0.1740961032430588
2006-04-28,2016-04-28,2.2347886574251974,0.12319163550829293,-0.3986358367034095
2002-03-13,2012-03-13,1.7918091697451328,0.09047445192951598,-0.4498379182815635
2005-08-15,2015-08-14,2.445752939280011,0.1374939742408266,-0.40838368194450303
2000-10-06,2010-10-06,1.155701010089358,0.022942933076288523,-0.47182435817799606
2012-07-13,2022-07-13,2.9759912190392632,0.16708721022292616,-0.28758321883234894
2002-05-16,2012-05-16,1.7506055990494866,0.08682807491466167,-0.45117328313019567
2005-09-16,2015-09-16,2.3590808528572347,0.13193809325100184,-0.4070286650322599
2016-03-04,2026-03-04,3.6171886615405398,0.1971108560700221,-0.3044333091846576
2009-06-15,2019-06-14,3.260338208594881,0.1807303606425088,-0.1603401989185831
2007-02-22,2017-02-22,2.5484819899186255,0.14315303490223102,-0.3840659412612444
2008-08-07,2018-08-07,3.2300412918145867,0.1797908990021089,-0.3474569657172818
2012-10-09,2022-10-07,2.671247863844076,0.15116063309894226,-0.30317262971711934
2003-08-08,2013-08-08,2.041782074376847,0.11048511368205255,-0.4426699095283584
2010-03-23,2020-03-23,2.511248593512645,0.14096357293694795,-0.1589976540312802
2014-04-25,2024-04-25,3.277168741655265,0.1806974528463099,-0.3139554343637698
2009-02-10,2019-02-08,3.3715478288784686,0.18612187396083957,-0.16096622876537348
2006-12-04,2016-12-02,2.2965301759835826,0.1285569316651002,-0.3878465612557911
2001-09-17,2011-09-16,1.6260079254653155,0.07557961880340287,-0.45536229671244666
2003-07-01,2013-07-01,1.9097715189673161,0.10063666989906611,-0.4430817709270676
2015-08-03,2025-08-01,3.4054977747855926,0.1881484939281255,-0.30628427539393677
2008-07-28,2018-07-27,3.2216690186338033,0.17807028420773752,-0.35118503505850374
2004-06-01,2014-05-30,2.2134998303387268,0.1226530486584462,-0.4286450104719005
2006-06-09,2016-06-09,2.3637028708241083,0.132570415710321,-0.4002158875777989
2009-03-18,2019-03-18,3.5718820069091985,0.19418867628470304,-0.1609524066963296
2008-07-03,2018-07-03,3.092878906543396,0.17353897502168375,-0.35092706425441134
2011-04-26,2021-04-26,4.17167425615625,0.21679811384811776,-0.17407373182094754
2003-08-27,2013-08-27,1.9411323962073692,0.10204926798573116,-0.4401086506456269
2010-06-10,2020-06-10,3.644420549925881,0.1977094603907344,-0.17492422468237923
2006-11-08,2016-11-08,2.3574950030144386,0.1321992082267175,-0.3902587412221824
2015-06-29,2025-06-27,3.4865145115832283,0.18983457384870184,-0.30754698844618356
2001-12-04,2011-12-02,1.4997576378577642,0.06358017032473044,-0.449464923455803
2001-10-05,2011-10-05,1.52445759427035,0.06601985385831925,-0.4545922575832507
2007-03-13,2017-03-13,2.6137980889037498,0.1475414400560655,-0.386353109790216
2008-01-02,2018-01-02,2.851676748730192,0.16126279723681403,-0.3597028663260273
2011-03-01,2021-03-01,4.0350387616006,0.21381606431617667,-0.17417896359136853
2006-03-13,2016-03-11,2.264462988252535,0.12601685409637095,-0.40044938633636695
2015-01-09,2025-01-08,3.4571305382174167,0.18987042676069565,-0.3095945530888271
2007-05-31,2017-05-31,2.6822536922532914,0.1503890797998304,-0.3774869395354471
2001-06-04,2011-06-03,1.4680461195536423,0.060263743696271625,-0.4503313577578244
2001-03-30,2011-03-30,1.5578236581668539,0.06866904015210121,-0.4536795083060341
2016-01-22,2026-01-22,3.7723136239141284,0.20196857353205075,-0.30549402143957693
2001-07-02,2011-07-01,1.5128375386460866,0.06496084604374748,-0.4500951773752072
2015-08-13,2025-08-13,3.584493931486711,0.19500091838387734,-0.3064407729069081
2004-01-05,2014-01-03,2.1185648400031414,0.11628150863846552,-0.4324428080330551
2000-10-17,2010-10-15,1.2186951373548631,0.031152778552873014,-0.4815241385860447
2004-06-23,2014-06-23,2.236036740850137,0.12354651893776453,-0.4280105742918138
2009-11-03,2019-11-01,3.217129359679224,0.17957519958206403,-0.15968899175316753
2006-08-09,2016-08-09,2.5228893978246334,0.1423967553905029,-0.40000988286572814
2012-10-17,2022-10-17,2.660225851533018,0.1499603515111309,-0.3031081060667865
2009-10-12,2019-10-11,3.077373246340357,0.17223530286057415,-0.15967245638803118
2006-02-21,2016-02-19,2.170427430934276,0.11921165247225213,-0.40118109144551684
2010-03-11,2020-03-11,2.8928667313579917,0.16291301048441215,-0.159052925288371
2016-01-11,2026-01-09,3.7992321399990883,0.20402690405987234,-0.3054105533461188
2006-05-01,2016-04-29,2.22651706389816,0.1235218564873659,-0.39811744868507304
2001-11-06,2011-11-04,1.5603326914636577,0.06961429277592912,-0.45100930944625506
2006-04-11,2016-04-11,2.282369997815449,0.1271885539243238,-0.3985775847478584
2013-10-01,2023-09-29,3.008902013399366,0.16899613010888334,-0.31614003388395495
2002-12-17,2012-12-17,1.8977359076385316,0.09901476762356419,-0.45193880468134295
2015-08-21,2025-08-21,3.587829494144437,0.1945551169052559,-0.3074735348454979
2009-05-21,2019-05-21,3.3691299152584735,0.18519818399935034,-0.16054937755525434
2009-08-13,2019-08-13,3.1580589407650574,0.1760012674576082,-0.1599511775081368
2004-09-08,2014-09-08,2.435093744438502,0.137128896282879,-0.42821563495039894
2015-02-24,2025-02-24,3.383250361192385,0.1854710493201476,-0.30860836161832006
1999-10-21,2009-10-21,1.0153676636592759,0.0024195093348220093,-0.6227381997773334
2004-05-13,2014-05-13,2.1715462480345544,0.11962605672660392,-0.43107915506238825
2006-06-12,2016-06-10,2.3527723623370984,0.13181971909652695,-0.40092992017029216
2007-06-19,2017-06-19,2.6529766559289802,0.14941306979499303,-0.3755383677307832
2007-05-31,2017-05-31,2.6822536922532914,0.1503890797998304,-0.3774869395354471
2001-10-03,2011-10-03,1.4668908697790652,0.06013770339288219,-0.45501588611281696
2003-02-07,2013-02-07,1.998525589634456,0.10723475583109857,-0.4528392507224115
2000-10-27,2010-10-27,1.2320198446671502,0.03268316429395119,-0.47852194673329174
2009-02-11,2019-02-11,3.3756031822105594,0.18609180083740537,-0.16097646350664852
2005-04-11,2015-04-10,2.4942042784287772,0.14067284229674132,-0.4178444470068373
2008-12-29,2018-12-28,3.188947276850321,0.1764424100201239,-0.12297277135230134
2009-06-01,2019-05-31,3.099712629668271,0.17342386720770053,-0.16030776779074063
2011-05-10,2021-05-10,3.9361942357703943,0.20935171241903064,-0.17401923497772576
2008-09-03,2018-08-31,3.337749459825048,0.18454232337857213,-0.3412810144879941
2010-06-03,2020-06-03,3.451785239669967,0.19003481874776418,-0.17487126434639166
2009-05-14,2019-05-14,3.3570101086416555,0.18514593893360898,-0.1605676761557805
2010-06-30,2020-06-30,3.7509633284268555,0.20054218598851925,-0.17499955434192693
2009-11-13,2019-11-13,3.174850965530256,0.17677050569993014,-0.15952101290820442
2004-09-02,2014-09-02,2.423744677633544,0.13674163743873474,-0.427651617306426
2003-06-18,2013-06-18,1.9509520498797972,0.1031775899291715,-0.4432525341573915
2012-10-31,2022-10-31,2.8002432012394034,0.1568270945188462,-0.30335933122333036
2005-02-16,2015-02-13,2.4637355770664726,0.13859631153385965,-0.41827437261453526
2008-09-16,2018-09-14,3.3491903244513996,0.18473639955993434,-0.3031163236214044
2002-08-09,2012-08-09,2.053306012718085,0.11128571513885359,-0.4566028076359223
2006-08-30,2016-08-30,2.46088097627165,0.13752749534874725,-0.39758481515345534
2008-05-15,2018-05-15,2.957474929171071,0.16602692258177337,-0.3505681170582412
2010-01-14,2020-01-14,3.3444959722232466,0.1845217263211633,-0.15924955942730212
2008-04-25,2018-04-25,2.8646392663558604,0.16060476983873073,-0.35848520348787427
2005-06-10,2015-06-10,2.483199477357398,0.1400021029804,-0.41384513041553816
2015-11-09,2025-11-07,3.6266692247202066,0.19717646945448217,-0.3048878433491593
2008-01-30,2018-01-30,3.163231138551805,0.17504233801589925,-0.3698304764630572
